,State_County_FIPS,State_FIPS,County_FIPS,County_Name,State_Name,Asian_Alone,Black_or_African_American_Alone,Hispanic_or_Latino,Other_Race_Alone_or_Two_or_More_Races,White_Alone
0,'01003','01','003',Baldwin County,Alabama,0,0,0,0,0
1,'01015','01','015',Calhoun County,Alabama,0,0,0,0,0
2,'01023','01','023',Choctaw County,Alabama,0,0,0,0,0
3,'01031','01','031',Coffee County,Alabama,0,0,0,0,0
4,'01039','01','039',Covington County,Alabama,0,0,0,0,0
5,'01041','01','041',Crenshaw County,Alabama,0,0,0,0,0
6,'01045','01','045',Dale County,Alabama,0,0,0,0,0
7,'01053','01','053',Escambia County,Alabama,0,0,0,0,0
8,'01055','01','055',Etowah County,Alabama,0,0,0,0,0
9,'01069','01','069',Houston County,Alabama,0,0,0,0,0
10,'01071','01','071',Jackson County,Alabama,0,0,0,0,0
11,'01073','01','073',Jefferson County,Alabama,0,-34,-8,28,-34
12,'01079','01','079',Lawrence County,Alabama,0,0,0,0,0
13,'01081','01','081',Lee County,Alabama,0,0,0,0,0
14,'01087','01','087',Macon County,Alabama,0,-23,-15,-5,-10
15,'01089','01','089',Madison County,Alabama,0,0,0,0,0
16,'01091','01','091',Marengo County,Alabama,0,0,0,0,0
17,'01097','01','097',Mobile County,Alabama,0,0,0,0,0
18,'01101','01','101',Montgomery County,Alabama,-18,-100,14,14,53
19,'01103','01','103',Morgan County,Alabama,0,0,0,0,0
20,'01105','01','105',Perry County,Alabama,0,0,0,0,0
21,'01113','01','113',Russell County,Alabama,0,0,0,0,0
22,'01117','01','117',Shelby County,Alabama,0,0,0,0,0
23,'01125','01','125',Tuscaloosa County,Alabama,0,0,0,0,0
24,'02013','02','013',Aleutians East Borough,Alaska,-9,0,-6,0,-6
25,'02016','02','016',Aleutians West Census Area,Alaska,0,0,0,0,0
26,'02020','02','020',Anchorage Municipality,Alaska,80,-32,188,145,460
27,'02068','02','068',Denali Borough,Alaska,0,0,0,0,0
28,'02090','02','090',Fairbanks North Star Borough,Alaska,0,0,0,0,0
29,'02110','02','110',Juneau City and Borough,Alaska,0,0,0,0,0
30,'02122','02','122',Kenai Peninsula Borough,Alaska,0,30,-4,-4,40
31,'02130','02','130',Ketchikan Gateway Borough,Alaska,0,0,0,0,0
32,'02150','02','150',Kodiak Island Borough,Alaska,0,0,35,24,31
33,'02170','02','170',Matanuska-Susitna Borough,Alaska,0,0,0,0,0
34,'02180','02','180',Nome Census Area,Alaska,0,0,0,0,0
35,'02185','02','185',North Slope Borough,Alaska,0,0,0,0,0
36,'02188','02','188',Northwest Arctic Borough,Alaska,0,0,0,0,0
37,'02195','02','195',Petersburg Borough,Alaska,0,0,0,0,0
38,'02261','02','261',Valdez-Cordova Census Area,Alaska,0,0,0,0,0
39,'02275','02','275',Wrangell City and Borough,Alaska,0,0,0,0,26
40,'02290','02','290',Yukon-Koyukuk Census Area,Alaska,0,0,0,0,0
41,'04001','04','001',Apache County,Arizona,0,0,-7,-22,-7
42,'04003','04','003',Cochise County,Arizona,0,-78,51,6,48
43,'04005','04','005',Coconino County,Arizona,-26,-35,-57,-35,-446
44,'04007','04','007',Gila County,Arizona,0,0,0,0,0
45,'04009','04','009',Graham County,Arizona,0,0,0,0,0
46,'04012','04','012',La Paz County,Arizona,0,0,0,0,0
47,'04013','04','013',Maricopa County,Arizona,-262,-407,-358,77,-1648
48,'04015','04','015',Mohave County,Arizona,-8,-26,-144,-109,-450
49,'04017','04','017',Navajo County,Arizona,0,0,0,0,0
50,'04019','04','019',Pima County,Arizona,75,1,-411,-192,-275
51,'04021','04','021',Pinal County,Arizona,-7,-80,-207,-82,-56
52,'04023','04','023',Santa Cruz County,Arizona,0,0,-167,9,-180
53,'04025','04','025',Yavapai County,Arizona,0,0,-110,-1,-285
54,'04027','04','027',Yuma County,Arizona,14,0,-252,-147,-117
55,'05005','05','005',Baxter County,Arkansas,0,0,0,0,0
56,'05007','05','007',Benton County,Arkansas,-10,0,-125,0,-227
57,'05015','05','015',Carroll County,Arkansas,0,0,0,0,0
58,'05017','05','017',Chicot County,Arkansas,0,0,0,0,0
59,'05019','05','019',Clark County,Arkansas,0,0,0,0,0
60,'05027','05','027',Columbia County,Arkansas,0,-14,0,0,-9
61,'05031','05','031',Craighead County,Arkansas,0,0,0,0,0
62,'05033','05','033',Crawford County,Arkansas,0,0,0,0,0
63,'05035','05','035',Crittenden County,Arkansas,0,0,0,0,0
64,'05043','05','043',Drew County,Arkansas,0,0,0,0,0
65,'05049','05','049',Fulton County,Arkansas,0,0,0,0,0
66,'05051','05','051',Garland County,Arkansas,0,0,0,0,0
67,'05063','05','063',Independence County,Arkansas,0,0,0,0,0
68,'05069','05','069',Jefferson County,Arkansas,0,-20,0,0,-10
69,'05071','05','071',Johnson County,Arkansas,0,0,0,0,0
70,'05073','05','073',Lafayette County,Arkansas,0,0,0,0,0
71,'05075','05','075',Lawrence County,Arkansas,0,0,0,0,0
72,'05077','05','077',Lee County,Arkansas,0,0,0,0,0
73,'05085','05','085',Lonoke County,Arkansas,0,0,0,0,0
74,'05097','05','097',Montgomery County,Arkansas,0,0,0,0,0
75,'05103','05','103',Ouachita County,Arkansas,0,0,0,0,0
76,'05115','05','115',Pope County,Arkansas,0,0,0,0,0
77,'05119','05','119',Pulaski County,Arkansas,17,-48,27,-6,149
78,'05123','05','123',St. Francis County,Arkansas,0,0,0,0,0
79,'05125','05','125',Saline County,Arkansas,0,0,0,0,0
80,'05131','05','131',Sebastian County,Arkansas,0,0,0,0,0
81,'05139','05','139',Union County,Arkansas,0,0,0,0,0
82,'05141','05','141',Van Buren County,Arkansas,0,0,0,0,0
83,'05143','05','143',Washington County,Arkansas,-33,-56,-13,-33,-36
84,'05147','05','147',Woodruff County,Arkansas,0,0,0,0,0
85,'06001','06','001',Alameda County,California,-352,-179,-309,-85,-294
86,'06005','06','005',Amador County,California,0,-30,-73,-29,-63
87,'06007','06','007',Butte County,California,0,8,-76,-14,-354
88,'06009','06','009',Calaveras County,California,0,0,0,0,0
89,'06011','06','011',Colusa County,California,0,0,0,0,0
90,'06013','06','013',Contra Costa County,California,270,182,105,-28,23
91,'06015','06','015',Del Norte County,California,0,-4,-8,4,-90
92,'06017','06','017',El Dorado County,California,22,-91,-198,-2,-50
93,'06019','06','019',Fresno County,California,-484,-62,-1094,-662,-822
94,'06021','06','021',Glenn County,California,0,-8,0,0,-16
95,'06023','06','023',Humboldt County,California,-101,-106,-146,-64,-575
96,'06025','06','025',Imperial County,California,-4,25,-4,-55,-18
97,'06027','06','027',Inyo County,California,-17,0,-42,-30,-65
98,'06029','06','029',Kern County,California,-41,-1315,-3870,-625,-4014
99,'06031','06','031',Kings County,California,-36,23,93,7,328
100,'06033','06','033',Lake County,California,21,-23,-21,0,-109
101,'06035','06','035',Lassen County,California,-39,-130,-186,-72,-228
102,'06039','06','039',Madera County,California,-31,-344,-447,-352,-341
103,'06041','06','041',Marin County,California,-76,-10,-84,-119,-67
104,'06043','06','043',Mariposa County,California,0,0,0,0,0
105,'06045','06','045',Mendocino County,California,-12,-11,-65,-47,-21
106,'06047','06','047',Merced County,California,-10,-51,-283,-452,-256
107,'06049','06','049',Modoc County,California,-2,-8,-13,-5,-26
108,'06051','06','051',Mono County,California,-4,0,7,11,-231
109,'06053','06','053',Monterey County,California,49,-171,38,-24,-216
110,'06055','06','055',Napa County,California,-8,0,-74,-12,-143
111,'06057','06','057',Nevada County,California,14,19,12,7,-80
112,'06059','06','059',Orange County,California,-3867,-315,-4624,-2740,-4349
113,'06061','06','061',Placer County,California,-66,-28,-20,-35,207
114,'06063','06','063',Plumas County,California,0,0,0,0,0
115,'06065','06','065',Riverside County,California,-690,-1670,-4366,-2288,-4703
116,'06067','06','067',Sacramento County,California,-195,-181,-208,121,-348
117,'06069','06','069',San Benito County,California,-1,0,-24,-13,9
118,'06071','06','071',San Bernardino County,California,-1109,-2814,-10900,-5165,-8415
119,'06073','06','073',San Diego County,California,-908,71,52,364,-579
120,'06075','06','075',San Francisco County,California,25,109,-238,-265,-192
121,'06077','06','077',San Joaquin County,California,-58,-145,-268,-67,-286
122,'06079','06','079',San Luis Obispo County,California,-177,-25,-241,-116,-550
123,'06081','06','081',San Mateo County,California,-88,15,-89,-124,-209
124,'06083','06','083',Santa Barbara County,California,-344,-82,-770,-493,-734
125,'06085','06','085',Santa Clara County,California,124,68,-492,-30,-923
126,'06087','06','087',Santa Cruz County,California,-99,15,-575,-350,-1
127,'06089','06','089',Shasta County,California,-73,0,-9,74,-35
128,'06091','06','091',Sierra County,California,11,0,29,14,15
129,'06093','06','093',Siskiyou County,California,0,0,0,0,0
130,'06095','06','095',Solano County,California,-97,126,-84,-56,-247
131,'06097','06','097',Sonoma County,California,-5,-8,-105,-278,23
132,'06099','06','099',Stanislaus County,California,6,5,-10,-49,56
133,'06101','06','101',Sutter County,California,0,0,0,0,0
134,'06103','06','103',Tehama County,California,-7,-8,-11,-2,29
135,'06105','06','105',Trinity County,California,0,-5,-39,-5,-38
136,'06107','06','107',Tulare County,California,2,89,-433,149,-322
137,'06109','06','109',Tuolumne County,California,-10,-41,-64,-52,-56
138,'06111','06','111',Ventura County,California,360,-50,-360,136,-2461
139,'06113','06','113',Yolo County,California,-208,-3,-392,-443,-294
140,'06115','06','115',Yuba County,California,0,0,0,0,0
141,'08001','08','001',Adams County,Colorado,0,0,0,0,0
142,'08005','08','005',Arapahoe County,Colorado,50,61,-296,-61,-176
143,'08013','08','013',Boulder County,Colorado,-12,-19,54,-65,-66
144,'08014','08','014',Broomfield County,Colorado,-14,-13,-36,0,-62
145,'08019','08','019',Clear Creek County,Colorado,0,0,0,0,0
146,'08023','08','023',Costilla County,Colorado,0,0,0,0,0
147,'08029','08','029',Delta County,Colorado,0,0,0,0,0
148,'08031','08','031',Denver County,Colorado,-22,-59,-99,-19,-393
149,'08035','08','035',Douglas County,Colorado,27,0,-9,-26,70
150,'08041','08','041',El Paso County,Colorado,-60,8,102,133,-18
151,'08043','08','043',Fremont County,Colorado,0,-17,3,3,-22
152,'08045','08','045',Garfield County,Colorado,0,0,0,0,0
153,'08049','08','049',Grand County,Colorado,0,0,0,0,0
154,'08051','08','051',Gunnison County,Colorado,0,0,0,0,0
155,'08053','08','053',Hinsdale County,Colorado,0,0,0,0,0
156,'08057','08','057',Jackson County,Colorado,0,0,0,0,0
157,'08059','08','059',Jefferson County,Colorado,85,-59,32,7,76
158,'08067','08','067',La Plata County,Colorado,0,0,0,0,-68
159,'08069','08','069',Larimer County,Colorado,76,0,-59,-88,-172
160,'08071','08','071',Las Animas County,Colorado,0,0,0,0,0
161,'08075','08','075',Logan County,Colorado,0,0,0,0,0
162,'08077','08','077',Mesa County,Colorado,0,0,0,0,0
163,'08085','08','085',Montrose County,Colorado,0,0,0,0,42
164,'08087','08','087',Morgan County,Colorado,0,0,0,0,0
165,'08097','08','097',Pitkin County,Colorado,0,0,0,0,0
166,'08099','08','099',Prowers County,Colorado,0,0,-22,-9,-22
167,'08101','08','101',Pueblo County,Colorado,0,0,0,0,0
168,'08109','08','109',Saguache County,Colorado,0,0,0,0,0
169,'08113','08','113',San Miguel County,Colorado,0,0,0,0,0
170,'08115','08','115',Sedgwick County,Colorado,0,0,0,0,0
171,'08117','08','117',Summit County,Colorado,0,0,0,0,0
172,'08119','08','119',Teller County,Colorado,0,0,0,0,0
173,'08123','08','123',Weld County,Colorado,15,0,-284,-101,-213
174,'09001','09','001',Fairfield County,Connecticut,-43,-15,27,7,359
175,'09003','09','003',Hartford County,Connecticut,10,0,12,0,-31
176,'09005','09','005',Litchfield County,Connecticut,0,0,0,0,0
177,'09007','09','007',Middlesex County,Connecticut,-23,0,0,-4,-73
178,'09009','09','009',New Haven County,Connecticut,-55,-10,-19,0,205
179,'09011','09','011',New London County,Connecticut,260,-67,-25,-17,-31
180,'09013','09','013',Tolland County,Connecticut,0,0,0,0,0
181,'09015','09','015',Windham County,Connecticut,0,0,0,0,0
182,'10001','10','001',Kent County,Delaware,0,0,0,0,0
183,'10003','10','003',New Castle County,Delaware,37,-13,-85,0,-66
184,'10005','10','005',Sussex County,Delaware,0,0,0,0,0
185,'11001','11','001',District of Columbia,District of Columbia,13,-123,72,41,-51
186,'12001','12','001',Alachua County,Florida,0,0,0,0,0
187,'12005','12','005',Bay County,Florida,0,0,0,0,0
188,'12007','12','007',Bradford County,Florida,0,0,0,0,0
189,'12009','12','009',Brevard County,Florida,0,0,0,0,0
190,'12011','12','011',Broward County,Florida,133,-28,-111,61,-23
191,'12017','12','017',Citrus County,Florida,-21,7,-5,0,16
192,'12019','12','019',Clay County,Florida,24,0,11,0,31
193,'12021','12','021',Collier County,Florida,0,0,0,0,0
194,'12031','12','031',Duval County,Florida,-30,-144,-99,-11,-130
195,'12033','12','033',Escambia County,Florida,-26,0,-80,-58,-182
196,'12035','12','035',Flagler County,Florida,0,0,0,0,0
197,'12053','12','053',Hernando County,Florida,0,0,0,0,0
198,'12057','12','057',Hillsborough County,Florida,3,55,-11,12,100
199,'12059','12','059',Holmes County,Florida,0,0,-16,0,-16
200,'12061','12','061',Indian River County,Florida,0,0,0,0,0
201,'12069','12','069',Lake County,Florida,0,0,0,0,0
202,'12071','12','071',Lee County,Florida,0,0,-1,-1,-103
203,'12073','12','073',Leon County,Florida,-23,30,0,0,65
204,'12081','12','081',Manatee County,Florida,5,6,0,0,-68
205,'12083','12','083',Marion County,Florida,0,0,0,0,0
206,'12085','12','085',Martin County,Florida,0,0,0,0,0
207,'12086','12','086',Miami-Dade County,Florida,48,70,350,115,790
208,'12087','12','087',Monroe County,Florida,0,0,0,0,0
209,'12089','12','089',Nassau County,Florida,0,0,0,0,0
210,'12091','12','091',Okaloosa County,Florida,30,-46,6,0,26
211,'12095','12','095',Orange County,Florida,0,5,30,59,-91
212,'12097','12','097',Osceola County,Florida,0,0,0,0,0
213,'12099','12','099',Palm Beach County,Florida,18,-126,-180,32,-105
214,'12101','12','101',Pasco County,Florida,0,0,0,0,0
215,'12103','12','103',Pinellas County,Florida,-65,0,-39,76,-114
216,'12105','12','105',Polk County,Florida,-35,0,-71,-115,46
217,'12107','12','107',Putnam County,Florida,0,0,0,0,0
218,'12109','12','109',St. Johns County,Florida,0,0,0,0,0
219,'12111','12','111',St. Lucie County,Florida,0,0,0,0,0
220,'12113','12','113',Santa Rosa County,Florida,0,0,0,0,0
221,'12115','12','115',Sarasota County,Florida,10,0,0,0,-6
222,'12117','12','117',Seminole County,Florida,14,0,8,67,-99
223,'12119','12','119',Sumter County,Florida,0,0,0,0,0
224,'12127','12','127',Volusia County,Florida,2,0,89,74,131
225,'12133','12','133',Washington County,Florida,0,0,0,0,0
226,'13001','13','001',Appling County,Georgia,0,0,0,0,0
227,'13009','13','009',Baldwin County,Georgia,0,0,0,0,0
228,'13013','13','013',Barrow County,Georgia,0,0,0,0,0
229,'13015','13','015',Bartow County,Georgia,0,0,0,0,0
230,'13021','13','021',Bibb County,Georgia,0,0,0,0,0
231,'13031','13','031',Bulloch County,Georgia,0,0,0,0,0
232,'13035','13','035',Butts County,Georgia,0,0,0,0,0
233,'13045','13','045',Carroll County,Georgia,0,0,0,0,0
234,'13051','13','051',Chatham County,Georgia,-16,44,-84,-84,216
235,'13053','13','053',Chattahoochee County,Georgia,0,0,0,0,0
236,'13055','13','055',Chattooga County,Georgia,0,0,0,0,0
237,'13057','13','057',Cherokee County,Georgia,0,10,0,9,66
238,'13059','13','059',Clarke County,Georgia,7,0,0,0,13
239,'13063','13','063',Clayton County,Georgia,0,0,0,0,0
240,'13067','13','067',Cobb County,Georgia,-9,-166,-55,-16,-185
241,'13071','13','071',Colquitt County,Georgia,0,0,0,0,0
242,'13073','13','073',Columbia County,Georgia,0,0,0,0,0
243,'13077','13','077',Coweta County,Georgia,0,0,0,0,0
244,'13083','13','083',Dade County,Georgia,0,0,0,0,0
245,'13087','13','087',Decatur County,Georgia,0,0,0,0,21
246,'13089','13','089',DeKalb County,Georgia,-27,76,0,-6,180
247,'13091','13','091',Dodge County,Georgia,0,0,0,0,0
248,'13097','13','097',Douglas County,Georgia,0,0,0,0,0
249,'13109','13','109',Evans County,Georgia,0,0,0,0,0
250,'13111','13','111',Fannin County,Georgia,0,0,0,0,0
251,'13113','13','113',Fayette County,Georgia,0,0,0,0,0
252,'13115','13','115',Floyd County,Georgia,0,0,0,0,0
253,'13119','13','119',Franklin County,Georgia,0,0,0,0,0
254,'13121','13','121',Fulton County,Georgia,-7,-17,55,66,-18
255,'13123','13','123',Gilmer County,Georgia,-11,-5,0,0,-34
256,'13135','13','135',Gwinnett County,Georgia,99,-258,-53,-10,-101
257,'13137','13','137',Habersham County,Georgia,0,0,0,0,0
258,'13149','13','149',Heard County,Georgia,0,0,0,0,0
259,'13151','13','151',Henry County,Georgia,0,0,0,0,0
260,'13153','13','153',Houston County,Georgia,0,0,0,0,0
261,'13177','13','177',Lee County,Georgia,0,0,0,0,0
262,'13179','13','179',Liberty County,Georgia,0,0,0,0,0
263,'13185','13','185',Lowndes County,Georgia,0,0,0,0,0
264,'13193','13','193',Macon County,Georgia,0,0,0,0,0
265,'13195','13','195',Madison County,Georgia,0,0,0,0,0
266,'13211','13','211',Morgan County,Georgia,0,0,0,0,0
267,'13215','13','215',Muscogee County,Georgia,0,0,0,0,0
268,'13217','13','217',Newton County,Georgia,0,0,0,0,0
269,'13223','13','223',Paulding County,Georgia,0,0,0,0,0
270,'13225','13','225',Peach County,Georgia,0,0,0,0,0
271,'13231','13','231',Pike County,Georgia,0,0,0,0,0
272,'13237','13','237',Putnam County,Georgia,0,0,0,0,0
273,'13241','13','241',Rabun County,Georgia,0,0,0,0,0
274,'13245','13','245',Richmond County,Georgia,-12,12,-30,17,-69
275,'13247','13','247',Rockdale County,Georgia,-48,-16,-74,0,-74
276,'13261','13','261',Sumter County,Georgia,0,0,0,0,0
277,'13263','13','263',Talbot County,Georgia,0,0,0,0,0
278,'13281','13','281',Towns County,Georgia,0,0,0,0,0
279,'13293','13','293',Upson County,Georgia,0,14,0,0,25
280,'13295','13','295',Walker County,Georgia,0,0,0,0,0
281,'13313','13','313',Whitfield County,Georgia,0,0,0,0,0
282,'15001','15','001',Hawaii County,Hawaii,-5,25,-51,-91,94
283,'15003','15','003',Honolulu County,Hawaii,189,5,75,14,15
284,'15007','15','007',Kauai County,Hawaii,-5,0,-7,0,-39
285,'15009','15','009',Maui County,Hawaii,-4,10,15,-18,-28
286,'16001','16','001',Ada County,Idaho,31,-34,-24,-23,-346
287,'16005','16','005',Bannock County,Idaho,0,0,0,0,0
288,'16007','16','007',Bear Lake County,Idaho,0,0,0,0,0
289,'16011','16','011',Bingham County,Idaho,0,0,0,0,0
290,'16013','16','013',Blaine County,Idaho,0,0,12,0,65
291,'16015','16','015',Boise County,Idaho,0,0,0,0,0
292,'16017','16','017',Bonner County,Idaho,0,0,0,0,0
293,'16019','16','019',Bonneville County,Idaho,0,0,0,0,0
294,'16021','16','021',Boundary County,Idaho,0,0,0,0,19
295,'16023','16','023',Butte County,Idaho,0,0,0,0,0
296,'16027','16','027',Canyon County,Idaho,0,0,-32,25,-63
297,'16029','16','029',Caribou County,Idaho,0,0,0,0,0
298,'16031','16','031',Cassia County,Idaho,0,0,0,0,0
299,'16033','16','033',Clark County,Idaho,0,0,0,0,0
300,'16039','16','039',Elmore County,Idaho,0,0,0,0,0
301,'16041','16','041',Franklin County,Idaho,0,0,0,0,0
302,'16043','16','043',Fremont County,Idaho,0,0,0,0,0
303,'16049','16','049',Idaho County,Idaho,0,0,0,0,0
304,'16055','16','055',Kootenai County,Idaho,0,0,3,3,20
305,'16057','16','057',Latah County,Idaho,0,0,0,0,0
306,'16059','16','059',Lemhi County,Idaho,0,0,0,0,0
307,'16065','16','065',Madison County,Idaho,0,0,0,0,0
308,'16067','16','067',Minidoka County,Idaho,0,0,0,0,0
309,'16069','16','069',Nez Perce County,Idaho,0,0,0,0,0
310,'16075','16','075',Payette County,Idaho,0,0,0,0,0
311,'16077','16','077',Power County,Idaho,0,0,0,0,0
312,'16079','16','079',Shoshone County,Idaho,0,0,0,0,0
313,'16081','16','081',Teton County,Idaho,0,0,0,0,0
314,'16083','16','083',Twin Falls County,Idaho,0,0,0,0,0
315,'17001','17','001',Adams County,Illinois,64,0,0,0,55
316,'17005','17','005',Bond County,Illinois,0,0,0,0,0
317,'17019','17','019',Champaign County,Illinois,-38,38,-5,4,49
318,'17021','17','021',Christian County,Illinois,0,-30,0,0,0
319,'17029','17','029',Coles County,Illinois,0,0,0,0,0
320,'17031','17','031',Cook County,Illinois,143,331,89,115,715
321,'17037','17','037',DeKalb County,Illinois,0,0,0,0,0
322,'17041','17','041',Douglas County,Illinois,0,0,0,0,0
323,'17043','17','043',DuPage County,Illinois,2,27,-13,9,59
324,'17067','17','067',Hancock County,Illinois,0,0,0,0,0
325,'17075','17','075',Iroquois County,Illinois,0,0,0,0,0
326,'17077','17','077',Jackson County,Illinois,0,0,0,0,0
327,'17081','17','081',Jefferson County,Illinois,0,0,0,0,-16
328,'17083','17','083',Jersey County,Illinois,0,0,0,0,0
329,'17089','17','089',Kane County,Illinois,59,-10,-83,-73,-49
330,'17091','17','091',Kankakee County,Illinois,0,0,0,0,78
331,'17093','17','093',Kendall County,Illinois,0,0,0,0,0
332,'17097','17','097',Lake County,Illinois,39,-28,-41,-14,81
333,'17099','17','099',LaSalle County,Illinois,0,0,0,0,0
334,'17101','17','101',Lawrence County,Illinois,0,0,0,0,-59
335,'17103','17','103',Lee County,Illinois,0,0,0,0,0
336,'17111','17','111',McHenry County,Illinois,0,0,0,0,0
337,'17113','17','113',McLean County,Illinois,0,0,0,0,0
338,'17115','17','115',Macon County,Illinois,0,0,0,0,0
339,'17119','17','119',Madison County,Illinois,18,24,0,0,36
340,'17123','17','123',Marshall County,Illinois,0,0,0,0,0
341,'17143','17','143',Peoria County,Illinois,0,0,0,0,0
342,'17161','17','161',Rock Island County,Illinois,0,0,0,0,0
343,'17163','17','163',St. Clair County,Illinois,0,0,0,0,0
344,'17165','17','165',Saline County,Illinois,0,0,0,0,0
345,'17167','17','167',Sangamon County,Illinois,0,0,0,0,0
346,'17175','17','175',Stark County,Illinois,0,0,0,0,0
347,'17179','17','179',Tazewell County,Illinois,0,0,0,0,0
348,'17183','17','183',Vermilion County,Illinois,0,0,0,0,0
349,'17195','17','195',Whiteside County,Illinois,0,0,0,0,0
350,'17197','17','197',Will County,Illinois,0,33,-43,-11,-22
351,'17201','17','201',Winnebago County,Illinois,6,-23,-33,-42,46
352,'18003','18','003',Allen County,Indiana,0,0,0,0,0
353,'18005','18','005',Bartholomew County,Indiana,0,0,0,0,0
354,'18021','18','021',Clay County,Indiana,0,0,0,0,0
355,'18033','18','033',DeKalb County,Indiana,0,0,0,0,0
356,'18035','18','035',Delaware County,Indiana,0,0,0,0,0
357,'18039','18','039',Elkhart County,Indiana,0,0,0,0,0
358,'18043','18','043',Floyd County,Indiana,0,0,0,0,45
359,'18053','18','053',Grant County,Indiana,0,0,0,0,0
360,'18057','18','057',Hamilton County,Indiana,0,0,0,0,0
361,'18059','18','059',Hancock County,Indiana,0,0,0,0,0
362,'18063','18','063',Hendricks County,Indiana,0,0,0,0,0
363,'18067','18','067',Howard County,Indiana,0,0,0,0,0
364,'18071','18','071',Jackson County,Indiana,0,0,0,0,0
365,'18073','18','073',Jasper County,Indiana,0,0,0,0,0
366,'18089','18','089',Lake County,Indiana,0,-73,-2,-9,29
367,'18091','18','091',LaPorte County,Indiana,0,0,0,0,0
368,'18097','18','097',Marion County,Indiana,25,-67,-151,-56,-41
369,'18099','18','099',Marshall County,Indiana,0,0,0,0,0
370,'18105','18','105',Monroe County,Indiana,7,0,0,0,40
371,'18107','18','107',Montgomery County,Indiana,0,0,0,0,0
372,'18123','18','123',Perry County,Indiana,0,0,0,0,0
373,'18127','18','127',Porter County,Indiana,0,0,0,0,0
374,'18129','18','129',Posey County,Indiana,0,0,0,0,0
375,'18133','18','133',Putnam County,Indiana,0,0,0,0,0
376,'18141','18','141',St. Joseph County,Indiana,29,-11,-7,6,173
377,'18145','18','145',Shelby County,Indiana,0,0,0,0,0
378,'18151','18','151',Steuben County,Indiana,0,0,0,0,0
379,'18157','18','157',Tippecanoe County,Indiana,25,0,35,33,-18
380,'18163','18','163',Vanderburgh County,Indiana,0,33,39,39,0
381,'18167','18','167',Vigo County,Indiana,0,0,0,0,-34
382,'18169','18','169',Wabash County,Indiana,0,0,0,0,0
383,'18177','18','177',Wayne County,Indiana,0,0,0,0,0
384,'19013','19','013',Black Hawk County,Iowa,0,0,0,0,0
385,'19021','19','021',Buena Vista County,Iowa,0,0,0,0,0
386,'19025','19','025',Calhoun County,Iowa,0,0,0,0,0
387,'19029','19','029',Cass County,Iowa,0,0,0,0,0
388,'19045','19','045',Clinton County,Iowa,0,0,0,0,0
389,'19047','19','047',Crawford County,Iowa,0,0,0,0,0
390,'19049','19','049',Dallas County,Iowa,37,0,-9,0,-18
391,'19053','19','053',Decatur County,Iowa,0,0,0,0,0
392,'19057','19','057',Des Moines County,Iowa,0,0,0,0,0
393,'19061','19','061',Dubuque County,Iowa,0,0,0,0,-52
394,'19065','19','065',Fayette County,Iowa,0,0,-10,0,-14
395,'19081','19','081',Hancock County,Iowa,0,0,0,0,0
396,'19083','19','083',Hardin County,Iowa,0,0,0,0,0
397,'19095','19','095',Iowa County,Iowa,0,0,0,0,0
398,'19101','19','101',Jefferson County,Iowa,0,0,0,0,0
399,'19103','19','103',Johnson County,Iowa,0,0,0,0,0
400,'19111','19','111',Lee County,Iowa,0,0,0,0,0
401,'19113','19','113',Linn County,Iowa,0,0,-21,15,29
402,'19123','19','123',Mahaska County,Iowa,0,0,0,0,0
403,'19127','19','127',Marshall County,Iowa,0,0,0,0,0
404,'19153','19','153',Polk County,Iowa,0,0,0,0,28
405,'19155','19','155',Pottawattamie County,Iowa,0,0,0,0,0
406,'19157','19','157',Poweshiek County,Iowa,0,0,-7,0,-9
407,'19159','19','159',Ringgold County,Iowa,0,0,0,0,0
408,'19163','19','163',Scott County,Iowa,0,0,0,0,0
409,'19167','19','167',Sioux County,Iowa,0,0,0,0,0
410,'19169','19','169',Story County,Iowa,0,0,0,0,0
411,'19171','19','171',Tama County,Iowa,0,0,0,0,0
412,'19179','19','179',Wapello County,Iowa,0,0,0,0,0
413,'19183','19','183',Washington County,Iowa,0,0,0,0,0
414,'19191','19','191',Winneshiek County,Iowa,0,0,-15,0,-24
415,'19193','19','193',Woodbury County,Iowa,0,0,0,0,0
416,'19197','19','197',Wright County,Iowa,0,0,0,0,0
417,'20007','20','007',Barber County,Kansas,0,0,0,0,0
418,'20009','20','009',Barton County,Kansas,0,0,0,0,0
419,'20017','20','017',Chase County,Kansas,0,0,0,0,0
420,'20023','20','023',Cheyenne County,Kansas,0,0,0,0,0
421,'20029','20','029',Cloud County,Kansas,0,0,0,0,0
422,'20035','20','035',Cowley County,Kansas,0,0,0,0,0
423,'20037','20','037',Crawford County,Kansas,0,0,0,0,0
424,'20045','20','045',Douglas County,Kansas,0,0,24,16,106
425,'20051','20','051',Ellis County,Kansas,0,0,0,0,0
426,'20061','20','061',Geary County,Kansas,0,0,0,0,0
427,'20069','20','069',Gray County,Kansas,0,0,0,0,0
428,'20091','20','091',Johnson County,Kansas,-74,0,-89,0,-8
429,'20103','20','103',Leavenworth County,Kansas,0,0,0,0,0
430,'20111','20','111',Lyon County,Kansas,0,0,0,0,0
431,'20123','20','123',Mitchell County,Kansas,0,0,0,0,0
432,'20125','20','125',Montgomery County,Kansas,0,0,0,0,0
433,'20157','20','157',Republic County,Kansas,0,0,0,0,0
434,'20161','20','161',Riley County,Kansas,0,0,0,38,20
435,'20169','20','169',Saline County,Kansas,0,0,0,0,0
436,'20173','20','173',Sedgwick County,Kansas,-7,-15,-193,-15,-191
437,'20177','20','177',Shawnee County,Kansas,0,0,0,0,0
438,'20191','20','191',Sumner County,Kansas,0,0,0,0,0
439,'20195','20','195',Trego County,Kansas,0,0,0,0,0
440,'20203','20','203',Wichita County,Kansas,0,0,0,0,0
441,'20209','20','209',Wyandotte County,Kansas,0,-6,-19,-13,-43
442,'21001','21','001',Adair County,Kentucky,0,0,0,0,0
443,'21003','21','003',Allen County,Kentucky,0,0,0,0,0
444,'21015','21','015',Boone County,Kentucky,0,0,0,0,0
445,'21021','21','021',Boyle County,Kentucky,0,0,0,0,0
446,'21029','21','029',Bullitt County,Kentucky,0,0,0,0,0
447,'21047','21','047',Christian County,Kentucky,0,0,0,0,0
448,'21051','21','051',Clay County,Kentucky,0,0,0,0,0
449,'21067','21','067',Fayette County,Kentucky,8,-5,9,24,101
450,'21093','21','093',Hardin County,Kentucky,0,-23,-10,-10,-14
451,'21101','21','101',Henderson County,Kentucky,0,0,0,0,0
452,'21103','21','103',Henry County,Kentucky,0,0,0,0,0
453,'21111','21','111',Jefferson County,Kentucky,0,62,0,-12,-3
454,'21117','21','117',Kenton County,Kentucky,0,0,0,0,0
455,'21123','21','123',Larue County,Kentucky,0,0,0,0,0
456,'21151','21','151',Madison County,Kentucky,0,0,0,0,0
457,'21185','21','185',Oldham County,Kentucky,0,0,0,0,68
458,'21211','21','211',Shelby County,Kentucky,0,0,0,0,0
459,'21227','21','227',Warren County,Kentucky,0,0,0,-16,-27
460,'21231','21','231',Wayne County,Kentucky,0,0,0,0,0
461,'21239','21','239',Woodford County,Kentucky,0,0,0,0,0
462,'22005','22','005',Ascension Parish,Louisiana,0,0,0,0,0
463,'22009','22','009',Avoyelles Parish,Louisiana,0,0,0,0,0
464,'22017','22','017',Caddo Parish,Louisiana,0,0,0,0,0
465,'22019','22','019',Calcasieu Parish,Louisiana,0,0,0,0,0
466,'22021','22','021',Caldwell Parish,Louisiana,0,0,0,0,0
467,'22033','22','033',East Baton Rouge Parish,Louisiana,-7,67,-63,-37,19
468,'22035','22','035',East Carroll Parish,Louisiana,0,0,0,0,0
469,'22037','22','037',East Feliciana Parish,Louisiana,0,0,0,0,0
470,'22047','22','047',Iberville Parish,Louisiana,0,0,0,0,0
471,'22049','22','049',Jackson Parish,Louisiana,0,0,0,0,0
472,'22051','22','051',Jefferson Parish,Louisiana,-46,0,202,176,-18
473,'22055','22','055',Lafayette Parish,Louisiana,-33,-9,11,0,2
474,'22057','22','057',Lafourche Parish,Louisiana,0,0,0,0,0
475,'22061','22','061',Lincoln Parish,Louisiana,0,0,0,0,0
476,'22063','22','063',Livingston Parish,Louisiana,0,0,0,0,0
477,'22071','22','071',Orleans Parish,Louisiana,-5,-11,54,-12,-10
478,'22073','22','073',Ouachita Parish,Louisiana,0,0,0,0,0
479,'22075','22','075',Plaquemines Parish,Louisiana,0,0,0,0,0
480,'22079','22','079',Rapides Parish,Louisiana,0,0,0,0,0
481,'22087','22','087',St. Bernard Parish,Louisiana,0,0,0,0,0
482,'22089','22','089',St. Charles Parish,Louisiana,0,0,0,0,0
483,'22093','22','093',St. James Parish,Louisiana,0,0,0,0,0
484,'22099','22','099',St. Martin Parish,Louisiana,0,0,0,0,0
485,'22103','22','103',St. Tammany Parish,Louisiana,0,0,0,0,0
486,'22105','22','105',Tangipahoa Parish,Louisiana,0,-6,0,0,-36
487,'22109','22','109',Terrebonne Parish,Louisiana,0,0,0,0,0
488,'22115','22','115',Vernon Parish,Louisiana,0,0,0,0,0
489,'22119','22','119',Webster Parish,Louisiana,0,0,0,0,0
490,'23001','23','001',Androscoggin County,Maine,0,0,0,0,0
491,'23003','23','003',Aroostook County,Maine,0,0,0,0,0
492,'23005','23','005',Cumberland County,Maine,0,0,10,-85,-212
493,'23009','23','009',Hancock County,Maine,0,0,0,0,0
494,'23011','23','011',Kennebec County,Maine,0,0,0,0,0
495,'23015','23','015',Lincoln County,Maine,0,0,0,0,0
496,'23019','23','019',Penobscot County,Maine,0,0,0,0,0
497,'23021','23','021',Piscataquis County,Maine,0,0,0,0,0
498,'23029','23','029',Washington County,Maine,0,0,0,0,0
499,'23031','23','031',York County,Maine,0,0,0,0,0
500,'24003','24','003',Anne Arundel County,Maryland,103,12,0,-22,-85
501,'24005','24','005',Baltimore County,Maryland,16,-8,14,0,200
502,'24011','24','011',Caroline County,Maryland,0,0,0,0,0
503,'24013','24','013',Carroll County,Maryland,0,0,0,0,0
504,'24017','24','017',Charles County,Maryland,0,11,0,0,12
505,'24021','24','021',Frederick County,Maryland,40,8,0,0,-25
506,'24025','24','025',Harford County,Maryland,0,0,0,0,0
507,'24027','24','027',Howard County,Maryland,-68,60,0,-8,-134
508,'24029','24','029',Kent County,Maryland,0,0,0,0,0
509,'24031','24','031',Montgomery County,Maryland,68,5,21,8,42
510,'24033','24','033',Prince George's County,Maryland,27,68,-174,-158,-33
511,'24035','24','035',Queen Anne's County,Maryland,0,0,0,0,0
512,'24037','24','037',St. Mary's County,Maryland,0,0,0,0,0
513,'24047','24','047',Worcester County,Maryland,0,0,0,0,0
514,'24510','24','510',Baltimore city,Maryland,61,99,-45,29,14
515,'25001','25','001',Barnstable County,Massachusetts,0,0,0,0,0
516,'25003','25','003',Berkshire County,Massachusetts,0,0,4,28,-40
517,'25005','25','005',Bristol County,Massachusetts,0,0,7,0,78
518,'25007','25','007',Dukes County,Massachusetts,0,0,0,0,0
519,'25009','25','009',Essex County,Massachusetts,-89,0,-5,0,95
520,'25013','25','013',Hampden County,Massachusetts,0,0,0,0,0
521,'25015','25','015',Hampshire County,Massachusetts,-4,-6,-69,20,-80
522,'25017','25','017',Middlesex County,Massachusetts,-58,15,2,-159,175
523,'25021','25','021',Norfolk County,Massachusetts,-71,-22,20,-107,16
524,'25023','25','023',Plymouth County,Massachusetts,0,48,7,17,-42
525,'25025','25','025',Suffolk County,Massachusetts,204,83,239,87,553
526,'25027','25','027',Worcester County,Massachusetts,9,-6,-6,-25,4
527,'26009','26','009',Antrim County,Michigan,0,0,0,0,0
528,'26013','26','013',Baraga County,Michigan,0,0,0,0,0
529,'26017','26','017',Bay County,Michigan,0,0,0,0,0
530,'26021','26','021',Berrien County,Michigan,0,0,0,0,0
531,'26025','26','025',Calhoun County,Michigan,0,0,0,0,0
532,'26029','26','029',Charlevoix County,Michigan,0,0,0,0,0
533,'26033','26','033',Chippewa County,Michigan,0,0,0,0,0
534,'26035','26','035',Clare County,Michigan,0,0,0,0,45
535,'26037','26','037',Clinton County,Michigan,0,0,0,0,0
536,'26039','26','039',Crawford County,Michigan,0,0,0,0,0
537,'26047','26','047',Emmet County,Michigan,0,0,0,0,0
538,'26049','26','049',Genesee County,Michigan,0,10,-12,-20,-17
539,'26053','26','053',Gogebic County,Michigan,0,0,0,0,0
540,'26055','26','055',Grand Traverse County,Michigan,0,0,0,0,0
541,'26057','26','057',Gratiot County,Michigan,0,0,0,0,0
542,'26059','26','059',Hillsdale County,Michigan,0,0,0,0,0
543,'26063','26','063',Huron County,Michigan,0,0,0,0,0
544,'26065','26','065',Ingham County,Michigan,0,2,0,10,-39
545,'26075','26','075',Jackson County,Michigan,0,0,0,0,0
546,'26077','26','077',Kalamazoo County,Michigan,-5,-3,-14,-9,-5
547,'26081','26','081',Kent County,Michigan,0,-15,-16,-10,96
548,'26085','26','085',Lake County,Michigan,0,0,0,0,0
549,'26091','26','091',Lenawee County,Michigan,0,0,0,0,0
550,'26093','26','093',Livingston County,Michigan,0,0,0,0,0
551,'26099','26','099',Macomb County,Michigan,-78,11,0,-24,23
552,'26103','26','103',Marquette County,Michigan,0,0,0,0,0
553,'26107','26','107',Mecosta County,Michigan,0,0,0,0,0
554,'26111','26','111',Midland County,Michigan,0,0,0,0,0
555,'26115','26','115',Monroe County,Michigan,0,0,-11,-11,-31
556,'26121','26','121',Muskegon County,Michigan,0,56,0,7,-15
557,'26125','26','125',Oakland County,Michigan,-12,25,48,20,68
558,'26137','26','137',Otsego County,Michigan,0,0,0,0,0
559,'26139','26','139',Ottawa County,Michigan,39,0,-30,0,-72
560,'26143','26','143',Roscommon County,Michigan,0,0,0,0,0
561,'26145','26','145',Saginaw County,Michigan,0,0,0,0,0
562,'26147','26','147',St. Clair County,Michigan,0,0,0,0,0
563,'26149','26','149',St. Joseph County,Michigan,0,0,0,0,0
564,'26159','26','159',Van Buren County,Michigan,0,0,0,0,0
565,'26161','26','161',Washtenaw County,Michigan,4,21,1,9,93
566,'26163','26','163',Wayne County,Michigan,-5,-29,23,-11,317
567,'26165','26','165',Wexford County,Michigan,0,0,0,0,0
568,'27001','27','001',Aitkin County,Minnesota,0,0,0,0,0
569,'27003','27','003',Anoka County,Minnesota,0,0,0,0,0
570,'27007','27','007',Beltrami County,Minnesota,0,0,0,0,0
571,'27013','27','013',Blue Earth County,Minnesota,0,0,0,0,0
572,'27017','27','017',Carlton County,Minnesota,0,0,0,0,0
573,'27019','27','019',Carver County,Minnesota,0,0,0,0,0
574,'27021','27','021',Cass County,Minnesota,0,0,0,0,0
575,'27033','27','033',Cottonwood County,Minnesota,0,0,0,0,0
576,'27035','27','035',Crow Wing County,Minnesota,0,0,0,0,0
577,'27037','27','037',Dakota County,Minnesota,4,0,-17,5,-27
578,'27039','27','039',Dodge County,Minnesota,0,0,0,0,0
579,'27041','27','041',Douglas County,Minnesota,0,0,0,0,0
580,'27043','27','043',Faribault County,Minnesota,0,0,0,0,0
581,'27045','27','045',Fillmore County,Minnesota,0,0,4,4,127
582,'27053','27','053',Hennepin County,Minnesota,8,-73,-244,-112,-302
583,'27061','27','061',Itasca County,Minnesota,0,0,0,0,0
584,'27079','27','079',Le Sueur County,Minnesota,0,0,0,0,0
585,'27083','27','083',Lyon County,Minnesota,0,0,0,0,0
586,'27085','27','085',McLeod County,Minnesota,0,0,0,0,0
587,'27097','27','097',Morrison County,Minnesota,0,0,0,0,0
588,'27109','27','109',Olmsted County,Minnesota,0,0,0,0,0
589,'27113','27','113',Pennington County,Minnesota,0,0,0,0,0
590,'27119','27','119',Polk County,Minnesota,0,-20,0,0,0
591,'27121','27','121',Pope County,Minnesota,0,0,0,0,0
592,'27123','27','123',Ramsey County,Minnesota,95,83,-31,15,5
593,'27131','27','131',Rice County,Minnesota,0,0,0,-19,-22
594,'27137','27','137',St. Louis County,Minnesota,0,0,0,0,0
595,'27139','27','139',Scott County,Minnesota,0,0,0,0,0
596,'27141','27','141',Sherburne County,Minnesota,0,0,0,0,0
597,'27143','27','143',Sibley County,Minnesota,0,0,0,0,0
598,'27145','27','145',Stearns County,Minnesota,0,0,0,0,0
599,'27149','27','149',Stevens County,Minnesota,0,0,0,0,0
600,'27151','27','151',Swift County,Minnesota,0,0,0,0,0
601,'27157','27','157',Wabasha County,Minnesota,0,0,0,0,0
602,'27163','27','163',Washington County,Minnesota,13,15,-153,-12,-100
603,'27169','27','169',Winona County,Minnesota,0,0,0,0,0
604,'27173','27','173',Yellow Medicine County,Minnesota,0,0,0,0,0
605,'28001','28','001',Adams County,Mississippi,0,0,0,0,0
606,'28003','28','003',Alcorn County,Mississippi,0,0,0,0,0
607,'28005','28','005',Amite County,Mississippi,0,0,0,0,0
608,'28007','28','007',Attala County,Mississippi,0,0,0,0,0
609,'28011','28','011',Bolivar County,Mississippi,0,0,0,0,0
610,'28013','28','013',Calhoun County,Mississippi,0,0,0,0,0
611,'28027','28','027',Coahoma County,Mississippi,0,0,0,0,0
612,'28033','28','033',DeSoto County,Mississippi,0,0,0,0,44
613,'28035','28','035',Forrest County,Mississippi,0,-19,-19,-11,-8
614,'28045','28','045',Hancock County,Mississippi,0,0,0,0,0
615,'28047','28','047',Harrison County,Mississippi,-1,-6,-19,-6,-29
616,'28049','28','049',Hinds County,Mississippi,0,0,0,0,0
617,'28059','28','059',Jackson County,Mississippi,0,0,0,0,0
618,'28075','28','075',Lauderdale County,Mississippi,0,0,0,0,0
619,'28077','28','077',Lawrence County,Mississippi,0,0,0,0,0
620,'28081','28','081',Lee County,Mississippi,0,0,0,0,0
621,'28087','28','087',Lowndes County,Mississippi,0,0,0,0,0
622,'28089','28','089',Madison County,Mississippi,0,0,0,0,0
623,'28091','28','091',Marion County,Mississippi,0,0,0,0,0
624,'28093','28','093',Marshall County,Mississippi,0,0,0,0,0
625,'28113','28','113',Pike County,Mississippi,0,0,0,0,0
626,'28121','28','121',Rankin County,Mississippi,0,0,0,0,0
627,'28135','28','135',Tallahatchie County,Mississippi,0,-44,-104,-72,-54
628,'28151','28','151',Washington County,Mississippi,0,0,0,0,0
629,'28163','28','163',Yazoo County,Mississippi,0,0,0,0,0
630,'29003','29','003',Andrew County,Missouri,0,0,0,0,0
631,'29019','29','019',Boone County,Missouri,0,0,0,0,0
632,'29021','29','021',Buchanan County,Missouri,0,0,0,0,0
633,'29023','29','023',Butler County,Missouri,0,0,0,0,0
634,'29027','29','027',Callaway County,Missouri,0,0,0,0,0
635,'29037','29','037',Cass County,Missouri,0,0,0,0,0
636,'29047','29','047',Clay County,Missouri,-26,0,-43,0,-8
637,'29051','29','051',Cole County,Missouri,0,0,0,0,0
638,'29063','29','063',DeKalb County,Missouri,0,0,0,0,0
639,'29067','29','067',Douglas County,Missouri,0,0,0,0,0
640,'29077','29','077',Greene County,Missouri,0,13,21,8,69
641,'29083','29','083',Henry County,Missouri,0,0,0,0,0
642,'29089','29','089',Howard County,Missouri,0,0,0,0,0
643,'29095','29','095',Jackson County,Missouri,-5,-87,59,33,44
644,'29097','29','097',Jasper County,Missouri,0,0,0,0,0
645,'29099','29','099',Jefferson County,Missouri,0,0,0,0,0
646,'29101','29','101',Johnson County,Missouri,0,-28,0,0,-10
647,'29103','29','103',Knox County,Missouri,0,0,0,0,0
648,'29111','29','111',Lewis County,Missouri,0,0,0,0,0
649,'29117','29','117',Livingston County,Missouri,0,0,0,0,0
650,'29119','29','119',McDonald County,Missouri,0,0,0,0,0
651,'29127','29','127',Marion County,Missouri,0,0,0,0,0
652,'29145','29','145',Newton County,Missouri,0,-8,0,0,-14
653,'29149','29','149',Oregon County,Missouri,0,0,0,0,0
654,'29159','29','159',Pettis County,Missouri,0,0,0,0,0
655,'29165','29','165',Platte County,Missouri,0,0,0,0,0
656,'29169','29','169',Pulaski County,Missouri,0,0,0,0,0
657,'29177','29','177',Ray County,Missouri,0,0,0,0,0
658,'29183','29','183',St. Charles County,Missouri,-12,-5,-19,-7,-102
659,'29189','29','189',St. Louis County,Missouri,-112,41,19,17,98
660,'29195','29','195',Saline County,Missouri,0,0,0,0,-11
661,'29211','29','211',Sullivan County,Missouri,0,0,0,0,0
662,'29219','29','219',Warren County,Missouri,0,0,0,0,0
663,'29225','29','225',Webster County,Missouri,0,0,0,0,0
664,'29510','29','510',St. Louis city,Missouri,0,-5,56,0,37
665,'30005','30','005',Blaine County,Montana,0,0,0,0,0
666,'30007','30','007',Broadwater County,Montana,0,0,0,0,0
667,'30009','30','009',Carbon County,Montana,0,0,0,0,0
668,'30013','30','013',Cascade County,Montana,0,-12,-27,0,1
669,'30017','30','017',Custer County,Montana,0,0,0,0,0
670,'30023','30','023',Deer Lodge County,Montana,0,0,0,0,0
671,'30027','30','027',Fergus County,Montana,0,0,0,0,0
672,'30029','30','029',Flathead County,Montana,0,0,0,0,0
673,'30031','30','031',Gallatin County,Montana,0,0,0,0,0
674,'30041','30','041',Hill County,Montana,0,0,0,0,0
675,'30047','30','047',Lake County,Montana,0,0,0,0,0
676,'30049','30','049',Lewis and Clark County,Montana,0,-6,-24,0,-39
677,'30053','30','053',Lincoln County,Montana,0,0,0,0,0
678,'30057','30','057',Madison County,Montana,0,0,0,0,0
679,'30063','30','063',Missoula County,Montana,0,0,0,0,0
680,'30081','30','081',Ravalli County,Montana,0,0,0,0,0
681,'30089','30','089',Sanders County,Montana,0,0,0,0,0
682,'30111','30','111',Yellowstone County,Montana,0,0,0,0,0
683,'31013','31','013',Box Butte County,Nebraska,0,0,0,0,0
684,'31019','31','019',Buffalo County,Nebraska,0,0,0,0,0
685,'31025','31','025',Cass County,Nebraska,0,0,0,0,0
686,'31027','31','027',Cedar County,Nebraska,0,0,0,0,0
687,'31037','31','037',Colfax County,Nebraska,0,0,0,0,0
688,'31041','31','041',Custer County,Nebraska,0,0,0,0,0
689,'31053','31','053',Dodge County,Nebraska,0,0,0,0,0
690,'31055','31','055',Douglas County,Nebraska,0,31,52,37,-77
691,'31079','31','079',Hall County,Nebraska,0,0,0,0,0
692,'31085','31','085',Hayes County,Nebraska,0,0,0,0,0
693,'31109','31','109',Lancaster County,Nebraska,0,-21,-17,-21,-182
694,'31111','31','111',Lincoln County,Nebraska,0,0,0,0,0
695,'31121','31','121',Merrick County,Nebraska,0,0,0,0,0
696,'31133','31','133',Pawnee County,Nebraska,0,0,0,0,0
697,'31143','31','143',Polk County,Nebraska,0,0,0,0,0
698,'31145','31','145',Red Willow County,Nebraska,0,0,0,0,0
699,'31153','31','153',Sarpy County,Nebraska,0,0,0,0,0
700,'31159','31','159',Seward County,Nebraska,0,0,0,0,0
701,'31177','31','177',Washington County,Nebraska,0,0,0,0,0
702,'32001','32','001',Churchill County,Nevada,0,0,0,0,0
703,'32003','32','003',Clark County,Nevada,-1361,-2032,-2244,-1386,-2117
704,'32005','32','005',Douglas County,Nevada,0,0,0,-2,55
705,'32007','32','007',Elko County,Nevada,0,0,0,0,0
706,'32013','32','013',Humboldt County,Nevada,0,0,0,0,0
707,'32015','32','015',Lander County,Nevada,0,0,0,0,0
708,'32017','32','017',Lincoln County,Nevada,0,0,0,0,0
709,'32019','32','019',Lyon County,Nevada,0,0,0,0,0
710,'32023','32','023',Nye County,Nevada,0,-10,40,0,-127
711,'32027','32','027',Pershing County,Nevada,0,0,0,0,0
712,'32029','32','029',Storey County,Nevada,0,0,0,0,0
713,'32031','32','031',Washoe County,Nevada,62,162,-40,18,-250
714,'32033','32','033',White Pine County,Nevada,0,0,0,0,0
715,'32510','32','510',Carson City,Nevada,-32,0,44,31,6
716,'33001','33','001',Belknap County,New Hampshire,0,0,0,0,0
717,'33003','33','003',Carroll County,New Hampshire,0,0,0,0,0
718,'33005','33','005',Cheshire County,New Hampshire,0,0,0,0,0
719,'33007','33','007',Coos County,New Hampshire,0,0,0,0,0
720,'33009','33','009',Grafton County,New Hampshire,11,0,-26,0,-55
721,'33011','33','011',Hillsborough County,New Hampshire,0,0,0,0,0
722,'33013','33','013',Merrimack County,New Hampshire,0,0,0,0,0
723,'33015','33','015',Rockingham County,New Hampshire,-79,10,0,-3,22
724,'33017','33','017',Strafford County,New Hampshire,0,0,0,0,0
725,'34001','34','001',Atlantic County,New Jersey,0,0,0,0,0
726,'34003','34','003',Bergen County,New Jersey,-15,0,21,35,231
727,'34005','34','005',Burlington County,New Jersey,0,0,0,0,0
728,'34007','34','007',Camden County,New Jersey,7,0,0,0,93
729,'34009','34','009',Cape May County,New Jersey,0,0,0,0,0
730,'34013','34','013',Essex County,New Jersey,99,-34,-27,-10,248
731,'34015','34','015',Gloucester County,New Jersey,0,0,0,0,0
732,'34017','34','017',Hudson County,New Jersey,135,0,20,2,156
733,'34019','34','019',Hunterdon County,New Jersey,0,0,0,0,0
734,'34021','34','021',Mercer County,New Jersey,-34,-65,-171,-29,-143
735,'34023','34','023',Middlesex County,New Jersey,-112,-8,0,0,25
736,'34025','34','025',Monmouth County,New Jersey,0,24,-8,0,-16
737,'34027','34','027',Morris County,New Jersey,47,-7,-6,11,42
738,'34029','34','029',Ocean County,New Jersey,-10,0,0,0,13
739,'34031','34','031',Passaic County,New Jersey,0,0,0,0,0
740,'34033','34','033',Salem County,New Jersey,0,0,0,0,0
741,'34035','34','035',Somerset County,New Jersey,-207,0,10,0,125
742,'34037','34','037',Sussex County,New Jersey,0,0,0,0,0
743,'34039','34','039',Union County,New Jersey,-6,0,28,28,268
744,'34041','34','041',Warren County,New Jersey,0,0,0,0,0
745,'35001','35','001',Bernalillo County,New Mexico,127,-26,-216,-149,-176
746,'35005','35','005',Chaves County,New Mexico,-76,0,-44,0,9
747,'35006','35','006',Cibola County,New Mexico,0,0,0,0,0
748,'35009','35','009',Curry County,New Mexico,0,33,-52,-1,-36
749,'35013','35','013',DoÃ±a Ana County,New Mexico,0,0,0,0,0
750,'35015','35','015',Eddy County,New Mexico,0,0,0,0,0
751,'35017','35','017',Grant County,New Mexico,0,0,0,0,0
752,'35019','35','019',Guadalupe County,New Mexico,0,0,0,0,0
753,'35025','35','025',Lea County,New Mexico,0,0,0,0,0
754,'35027','35','027',Lincoln County,New Mexico,0,0,0,0,0
755,'35028','35','028',Los Alamos County,New Mexico,0,0,0,0,0
756,'35029','35','029',Luna County,New Mexico,0,0,0,0,0
757,'35031','35','031',McKinley County,New Mexico,0,0,0,0,0
758,'35035','35','035',Otero County,New Mexico,0,0,0,0,0
759,'35043','35','043',Sandoval County,New Mexico,0,0,-56,-38,119
760,'35045','35','045',San Juan County,New Mexico,0,0,-39,-29,-35
761,'35047','35','047',San Miguel County,New Mexico,0,-6,0,-27,-5
762,'35049','35','049',Santa Fe County,New Mexico,-9,49,-7,-54,-7
763,'35055','35','055',Taos County,New Mexico,0,0,0,0,0
764,'36001','36','001',Albany County,New York,-17,6,15,20,41
765,'36003','36','003',Allegany County,New York,23,0,0,0,0
766,'36005','36','005',Bronx County,New York,6,119,59,39,8
767,'36007','36','007',Broome County,New York,0,0,0,0,0
768,'36019','36','019',Clinton County,New York,0,0,0,0,0
769,'36025','36','025',Delaware County,New York,0,0,0,0,0
770,'36027','36','027',Dutchess County,New York,-26,21,55,-20,0
771,'36029','36','029',Erie County,New York,40,0,-7,0,73
772,'36031','36','031',Essex County,New York,0,0,0,0,0
773,'36039','36','039',Greene County,New York,0,0,0,0,0
774,'36043','36','043',Herkimer County,New York,0,0,0,0,0
775,'36045','36','045',Jefferson County,New York,0,0,-46,-46,-13
776,'36047','36','047',Kings County,New York,57,159,225,307,1386
777,'36051','36','051',Livingston County,New York,0,0,0,0,0
778,'36053','36','053',Madison County,New York,0,0,0,0,0
779,'36055','36','055',Monroe County,New York,0,-4,-32,-1,-66
780,'36059','36','059',Nassau County,New York,1,0,10,-11,-113
781,'36061','36','061',New York County,New York,29,94,31,-85,403
782,'36063','36','063',Niagara County,New York,0,0,0,0,0
783,'36065','36','065',Oneida County,New York,0,0,0,0,0
784,'36067','36','067',Onondaga County,New York,3,-5,-24,-22,17
785,'36069','36','069',Ontario County,New York,0,0,0,0,0
786,'36071','36','071',Orange County,New York,0,0,0,0,0
787,'36075','36','075',Oswego County,New York,0,0,0,0,0
788,'36077','36','077',Otsego County,New York,0,0,0,0,0
789,'36079','36','079',Putnam County,New York,0,0,0,0,0
790,'36081','36','081',Queens County,New York,151,70,-114,-3,124
791,'36083','36','083',Rensselaer County,New York,0,0,-5,-6,-58
792,'36085','36','085',Richmond County,New York,0,0,0,0,0
793,'36087','36','087',Rockland County,New York,0,0,0,0,0
794,'36089','36','089',St. Lawrence County,New York,0,0,0,0,0
795,'36091','36','091',Saratoga County,New York,0,0,0,0,0
796,'36093','36','093',Schenectady County,New York,0,0,0,0,0
797,'36099','36','099',Seneca County,New York,0,0,0,0,0
798,'36101','36','101',Steuben County,New York,0,0,0,0,0
799,'36103','36','103',Suffolk County,New York,16,0,-35,-28,-68
800,'36105','36','105',Sullivan County,New York,0,0,0,0,0
801,'36109','36','109',Tompkins County,New York,5,0,-3,20,28
802,'36111','36','111',Ulster County,New York,0,0,-15,-15,-21
803,'36113','36','113',Warren County,New York,0,0,0,0,0
804,'36115','36','115',Washington County,New York,0,0,0,0,0
805,'36117','36','117',Wayne County,New York,0,0,0,0,0
806,'36119','36','119',Westchester County,New York,-18,-93,138,177,369
807,'37001','37','001',Alamance County,North Carolina,0,0,0,0,0
808,'37019','37','019',Brunswick County,North Carolina,0,0,0,0,52
809,'37021','37','021',Buncombe County,North Carolina,0,0,0,0,0
810,'37025','37','025',Cabarrus County,North Carolina,0,0,0,0,0
811,'37027','37','027',Caldwell County,North Carolina,0,0,0,0,0
812,'37031','37','031',Carteret County,North Carolina,0,0,0,0,0
813,'37035','37','035',Catawba County,North Carolina,0,0,0,0,0
814,'37045','37','045',Cleveland County,North Carolina,0,0,0,0,0
815,'37047','37','047',Columbus County,North Carolina,0,0,0,0,0
816,'37049','37','049',Craven County,North Carolina,16,0,15,-19,25
817,'37051','37','051',Cumberland County,North Carolina,0,0,0,0,0
818,'37055','37','055',Dare County,North Carolina,0,0,0,0,0
819,'37057','37','057',Davidson County,North Carolina,0,0,0,0,0
820,'37063','37','063',Durham County,North Carolina,-32,-12,-15,19,-132
821,'37067','37','067',Forsyth County,North Carolina,0,0,0,0,0
822,'37071','37','071',Gaston County,North Carolina,0,0,0,0,0
823,'37081','37','081',Guilford County,North Carolina,23,0,37,26,0
824,'37085','37','085',Harnett County,North Carolina,0,0,0,0,0
825,'37087','37','087',Haywood County,North Carolina,0,0,-24,-14,-36
826,'37089','37','089',Henderson County,North Carolina,0,0,0,0,0
827,'37091','37','091',Hertford County,North Carolina,0,0,0,0,0
828,'37093','37','093',Hoke County,North Carolina,0,0,0,0,0
829,'37097','37','097',Iredell County,North Carolina,0,0,8,8,62
830,'37119','37','119',Mecklenburg County,North Carolina,-40,73,7,19,-46
831,'37129','37','129',New Hanover County,North Carolina,0,0,0,0,0
832,'37133','37','133',Onslow County,North Carolina,-10,-12,4,-17,58
833,'37135','37','135',Orange County,North Carolina,0,0,0,0,0
834,'37139','37','139',Pasquotank County,North Carolina,0,0,0,0,0
835,'37147','37','147',Pitt County,North Carolina,0,0,0,0,0
836,'37149','37','149',Polk County,North Carolina,0,0,0,0,0
837,'37151','37','151',Randolph County,North Carolina,0,0,0,0,0
838,'37153','37','153',Richmond County,North Carolina,0,0,0,0,0
839,'37157','37','157',Rockingham County,North Carolina,0,0,0,0,0
840,'37165','37','165',Scotland County,North Carolina,0,0,0,0,0
841,'37167','37','167',Stanly County,North Carolina,0,0,0,0,0
842,'37179','37','179',Union County,North Carolina,0,0,0,0,0
843,'37183','37','183',Wake County,North Carolina,51,-63,-132,-79,-86
844,'37189','37','189',Watauga County,North Carolina,0,0,0,0,0
845,'37195','37','195',Wilson County,North Carolina,0,0,0,0,0
846,'38009','38','009',Bottineau County,North Dakota,0,0,0,0,0
847,'38015','38','015',Burleigh County,North Dakota,0,0,0,0,0
848,'38017','38','017',Cass County,North Dakota,0,0,0,0,0
849,'38035','38','035',Grand Forks County,North Dakota,0,0,0,0,0
850,'38053','38','053',McKenzie County,North Dakota,0,0,0,0,0
851,'38061','38','061',Mountrail County,North Dakota,0,0,0,0,0
852,'38083','38','083',Sheridan County,North Dakota,0,0,0,0,0
853,'38085','38','085',Sioux County,North Dakota,0,0,0,0,0
854,'38089','38','089',Stark County,North Dakota,0,0,0,0,0
855,'38093','38','093',Stutsman County,North Dakota,0,0,0,0,0
856,'38097','38','097',Traill County,North Dakota,0,0,0,0,0
857,'38101','38','101',Ward County,North Dakota,0,0,-6,0,-20
858,'39009','39','009',Athens County,Ohio,10,-11,0,9,-35
859,'39013','39','013',Belmont County,Ohio,0,0,0,0,0
860,'39015','39','015',Brown County,Ohio,0,0,0,0,0
861,'39017','39','017',Butler County,Ohio,0,0,0,0,0
862,'39023','39','023',Clark County,Ohio,0,0,0,0,0
863,'39025','39','025',Clermont County,Ohio,0,0,0,0,0
864,'39027','39','027',Clinton County,Ohio,0,0,0,0,0
865,'39029','39','029',Columbiana County,Ohio,0,0,0,0,0
866,'39033','39','033',Crawford County,Ohio,0,0,0,0,0
867,'39035','39','035',Cuyahoga County,Ohio,23,53,-51,-37,-4
868,'39037','39','037',Darke County,Ohio,0,0,0,0,0
869,'39041','39','041',Delaware County,Ohio,0,0,0,0,0
870,'39045','39','045',Fairfield County,Ohio,0,0,0,0,0
871,'39049','39','049',Franklin County,Ohio,32,-29,-98,34,128
872,'39055','39','055',Geauga County,Ohio,0,0,0,0,0
873,'39057','39','057',Greene County,Ohio,0,0,0,0,0
874,'39059','39','059',Guernsey County,Ohio,0,0,0,0,0
875,'39061','39','061',Hamilton County,Ohio,7,-31,-2,-23,37
876,'39063','39','063',Hancock County,Ohio,0,0,0,0,0
877,'39069','39','069',Henry County,Ohio,0,0,0,0,0
878,'39081','39','081',Jefferson County,Ohio,0,0,0,0,0
879,'39083','39','083',Knox County,Ohio,0,0,-15,0,-40
880,'39085','39','085',Lake County,Ohio,0,0,0,0,0
881,'39089','39','089',Licking County,Ohio,0,0,0,0,0
882,'39093','39','093',Lorain County,Ohio,0,0,0,0,0
883,'39095','39','095',Lucas County,Ohio,0,0,0,0,0
884,'39099','39','099',Mahoning County,Ohio,0,-9,-65,-9,-71
885,'39103','39','103',Medina County,Ohio,0,0,0,0,0
886,'39107','39','107',Mercer County,Ohio,0,0,0,0,0
887,'39109','39','109',Miami County,Ohio,0,0,0,0,0
888,'39113','39','113',Montgomery County,Ohio,21,0,0,63,-27
889,'39119','39','119',Muskingum County,Ohio,0,0,0,0,0
890,'39125','39','125',Paulding County,Ohio,0,0,0,0,0
891,'39129','39','129',Pickaway County,Ohio,0,0,0,0,0
892,'39133','39','133',Portage County,Ohio,0,0,0,0,0
893,'39139','39','139',Richland County,Ohio,0,0,0,0,0
894,'39141','39','141',Ross County,Ohio,0,0,0,0,0
895,'39143','39','143',Sandusky County,Ohio,0,0,0,0,0
896,'39151','39','151',Stark County,Ohio,0,0,0,0,0
897,'39153','39','153',Summit County,Ohio,21,48,0,34,140
898,'39155','39','155',Trumbull County,Ohio,0,0,0,0,0
899,'39165','39','165',Warren County,Ohio,0,0,0,0,0
900,'39167','39','167',Washington County,Ohio,0,0,0,0,0
901,'39173','39','173',Wood County,Ohio,0,0,0,0,0
902,'40009','40','009',Beckham County,Oklahoma,0,0,0,0,0
903,'40013','40','013',Bryan County,Oklahoma,0,0,0,0,0
904,'40017','40','017',Canadian County,Oklahoma,0,0,0,0,0
905,'40019','40','019',Carter County,Oklahoma,0,0,0,0,0
906,'40021','40','021',Cherokee County,Oklahoma,0,0,0,0,0
907,'40027','40','027',Cleveland County,Oklahoma,0,0,0,0,0
908,'40031','40','031',Comanche County,Oklahoma,0,0,0,0,0
909,'40039','40','039',Custer County,Oklahoma,0,0,9,0,23
910,'40041','40','041',Delaware County,Oklahoma,0,0,0,0,0
911,'40051','40','051',Grady County,Oklahoma,0,0,0,0,0
912,'40065','40','065',Jackson County,Oklahoma,0,0,0,0,0
913,'40071','40','071',Kay County,Oklahoma,0,0,0,0,0
914,'40079','40','079',Le Flore County,Oklahoma,0,0,0,0,0
915,'40081','40','081',Lincoln County,Oklahoma,0,0,0,0,0
916,'40097','40','097',Mayes County,Oklahoma,0,0,0,0,0
917,'40101','40','101',Muskogee County,Oklahoma,0,0,-7,0,-15
918,'40109','40','109',Oklahoma County,Oklahoma,-8,78,-219,-59,-109
919,'40113','40','113',Osage County,Oklahoma,0,0,0,0,0
920,'40115','40','115',Ottawa County,Oklahoma,0,0,0,0,0
921,'40117','40','117',Pawnee County,Oklahoma,0,0,0,0,0
922,'40119','40','119',Payne County,Oklahoma,0,0,0,0,0
923,'40121','40','121',Pittsburg County,Oklahoma,0,0,0,0,0
924,'40123','40','123',Pontotoc County,Oklahoma,0,0,0,0,0
925,'40125','40','125',Pottawatomie County,Oklahoma,0,0,0,0,0
926,'40131','40','131',Rogers County,Oklahoma,0,0,0,0,0
927,'40133','40','133',Seminole County,Oklahoma,0,0,0,0,0
928,'40137','40','137',Stephens County,Oklahoma,0,0,0,0,0
929,'40143','40','143',Tulsa County,Oklahoma,-8,27,-101,-95,-171
930,'40147','40','147',Washington County,Oklahoma,0,0,0,0,0
931,'41003','41','003',Benton County,Oregon,20,0,0,13,-19
932,'41005','41','005',Clackamas County,Oregon,38,0,-18,0,-114
933,'41007','41','007',Clatsop County,Oregon,0,0,0,0,0
934,'41011','41','011',Coos County,Oregon,0,0,0,0,0
935,'41013','41','013',Crook County,Oregon,0,0,0,0,0
936,'41015','41','015',Curry County,Oregon,0,0,0,0,0
937,'41017','41','017',Deschutes County,Oregon,0,-1,7,0,-115
938,'41019','41','019',Douglas County,Oregon,0,0,-44,0,-65
939,'41023','41','023',Grant County,Oregon,0,0,0,0,0
940,'41025','41','025',Harney County,Oregon,0,0,0,0,0
941,'41029','41','029',Jackson County,Oregon,15,0,23,-42,22
942,'41031','41','031',Jefferson County,Oregon,0,0,0,0,0
943,'41033','41','033',Josephine County,Oregon,-15,-83,-33,-4,-59
944,'41035','41','035',Klamath County,Oregon,0,0,0,0,0
945,'41037','41','037',Lake County,Oregon,0,0,0,0,0
946,'41039','41','039',Lane County,Oregon,-36,-23,-126,-99,-276
947,'41041','41','041',Lincoln County,Oregon,0,0,0,0,0
948,'41043','41','043',Linn County,Oregon,0,0,0,0,-34
949,'41045','41','045',Malheur County,Oregon,0,0,0,0,0
950,'41047','41','047',Marion County,Oregon,0,17,-8,-26,-50
951,'41049','41','049',Morrow County,Oregon,0,0,0,0,0
952,'41051','41','051',Multnomah County,Oregon,9,-35,-241,-276,-260
953,'41053','41','053',Polk County,Oregon,0,0,0,0,0
954,'41059','41','059',Umatilla County,Oregon,0,0,0,0,0
955,'41061','41','061',Union County,Oregon,0,0,0,0,0
956,'41065','41','065',Wasco County,Oregon,0,0,0,0,0
957,'41067','41','067',Washington County,Oregon,-222,25,-306,-274,-205
958,'41071','41','071',Yamhill County,Oregon,0,0,3,3,-153
959,'42003','42','003',Allegheny County,Pennsylvania,-7,6,-25,27,-208
960,'42009','42','009',Bedford County,Pennsylvania,0,0,0,0,0
961,'42011','42','011',Berks County,Pennsylvania,0,0,0,0,0
962,'42013','42','013',Blair County,Pennsylvania,0,0,0,0,0
963,'42015','42','015',Bradford County,Pennsylvania,0,0,0,0,0
964,'42017','42','017',Bucks County,Pennsylvania,0,0,0,0,0
965,'42019','42','019',Butler County,Pennsylvania,0,0,0,-6,-14
966,'42021','42','021',Cambria County,Pennsylvania,0,0,0,0,0
967,'42027','42','027',Centre County,Pennsylvania,13,0,-17,4,-84
968,'42029','42','029',Chester County,Pennsylvania,0,67,30,8,-9
969,'42039','42','039',Crawford County,Pennsylvania,0,0,0,0,0
970,'42041','42','041',Cumberland County,Pennsylvania,2,24,-18,-15,-56
971,'42043','42','043',Dauphin County,Pennsylvania,0,0,0,0,0
972,'42045','42','045',Delaware County,Pennsylvania,0,0,0,0,0
973,'42049','42','049',Erie County,Pennsylvania,-31,0,-13,0,57
974,'42051','42','051',Fayette County,Pennsylvania,0,0,0,0,0
975,'42055','42','055',Franklin County,Pennsylvania,0,0,0,0,0
976,'42061','42','061',Huntingdon County,Pennsylvania,0,0,0,0,0
977,'42063','42','063',Indiana County,Pennsylvania,0,0,0,0,0
978,'42065','42','065',Jefferson County,Pennsylvania,0,0,0,0,0
979,'42069','42','069',Lackawanna County,Pennsylvania,0,0,0,0,0
980,'42071','42','071',Lancaster County,Pennsylvania,-52,-48,0,0,24
981,'42073','42','073',Lawrence County,Pennsylvania,0,-27,0,0,-24
982,'42077','42','077',Lehigh County,Pennsylvania,0,0,0,0,0
983,'42079','42','079',Luzerne County,Pennsylvania,-8,0,-13,-5,37
984,'42083','42','083',McKean County,Pennsylvania,0,0,0,0,0
985,'42089','42','089',Monroe County,Pennsylvania,0,0,0,0,0
986,'42091','42','091',Montgomery County,Pennsylvania,-32,-22,-42,0,45
987,'42095','42','095',Northampton County,Pennsylvania,0,0,0,0,0
988,'42097','42','097',Northumberland County,Pennsylvania,0,0,0,0,0
989,'42101','42','101',Philadelphia County,Pennsylvania,0,-56,-31,-34,553
990,'42103','42','103',Pike County,Pennsylvania,0,0,0,0,0
991,'42107','42','107',Schuylkill County,Pennsylvania,0,0,0,0,0
992,'42109','42','109',Snyder County,Pennsylvania,0,0,0,0,0
993,'42113','42','113',Sullivan County,Pennsylvania,0,0,0,0,0
994,'42115','42','115',Susquehanna County,Pennsylvania,0,0,0,0,0
995,'42119','42','119',Union County,Pennsylvania,0,0,0,0,0
996,'42123','42','123',Warren County,Pennsylvania,0,0,0,0,0
997,'42125','42','125',Washington County,Pennsylvania,0,0,0,0,0
998,'42129','42','129',Westmoreland County,Pennsylvania,0,0,0,0,0
999,'42133','42','133',York County,Pennsylvania,0,0,0,0,0
1000,'44001','44','001',Bristol County,Rhode Island,0,0,0,0,0
1001,'44003','44','003',Kent County,Rhode Island,0,0,21,59,18
1002,'44005','44','005',Newport County,Rhode Island,0,0,0,0,0
1003,'44007','44','007',Providence County,Rhode Island,-5,6,-25,-13,-61
1004,'44009','44','009',Washington County,Rhode Island,0,0,0,0,0
1005,'45003','45','003',Aiken County,South Carolina,0,0,0,0,0
1006,'45013','45','013',Beaufort County,South Carolina,0,0,0,0,0
1007,'45015','45','015',Berkeley County,South Carolina,0,0,0,0,0
1008,'45019','45','019',Charleston County,South Carolina,2,-22,10,-23,57
1009,'45023','45','023',Chester County,South Carolina,0,0,0,0,0
1010,'45029','45','029',Colleton County,South Carolina,0,0,0,0,0
1011,'45031','45','031',Darlington County,South Carolina,0,0,0,0,0
1012,'45035','45','035',Dorchester County,South Carolina,0,0,-24,0,-89
1013,'45045','45','045',Greenville County,South Carolina,34,-60,-25,0,-53
1014,'45049','45','049',Hampton County,South Carolina,0,0,-26,-21,-5
1015,'45051','45','051',Horry County,South Carolina,0,0,0,0,0
1016,'45063','45','063',Lexington County,South Carolina,0,0,0,0,0
1017,'45073','45','073',Oconee County,South Carolina,0,0,0,0,0
1018,'45079','45','079',Richland County,South Carolina,0,0,0,0,0
1019,'45083','45','083',Spartanburg County,South Carolina,0,0,0,0,0
1020,'45085','45','085',Sumter County,South Carolina,0,0,0,0,0
1021,'45091','45','091',York County,South Carolina,0,0,0,0,0
1022,'46011','46','011',Brookings County,South Dakota,0,0,0,0,0
1023,'46019','46','019',Butte County,South Dakota,0,0,0,0,0
1024,'46027','46','027',Clay County,South Dakota,0,0,0,0,0
1025,'46033','46','033',Custer County,South Dakota,0,0,0,0,0
1026,'46047','46','047',Fall River County,South Dakota,0,0,0,0,0
1027,'46057','46','057',Hamlin County,South Dakota,0,0,0,0,0
1028,'46059','46','059',Hand County,South Dakota,0,0,0,0,0
1029,'46081','46','081',Lawrence County,South Dakota,0,0,0,0,0
1030,'46083','46','083',Lincoln County,South Dakota,0,0,0,0,0
1031,'46099','46','099',Minnehaha County,South Dakota,-30,0,21,0,75
1032,'46101','46','101',Moody County,South Dakota,0,0,0,0,0
1033,'46103','46','103',Pennington County,South Dakota,0,0,0,0,0
1034,'46105','46','105',Perkins County,South Dakota,0,0,0,0,0
1035,'46109','46','109',Roberts County,South Dakota,0,0,0,0,0
1036,'46115','46','115',Spink County,South Dakota,0,0,0,0,0
1037,'46127','46','127',Union County,South Dakota,0,0,0,0,0
1038,'46135','46','135',Yankton County,South Dakota,0,0,0,0,0
1039,'47001','47','001',Anderson County,Tennessee,0,0,0,0,0
1040,'47003','47','003',Bedford County,Tennessee,0,0,0,0,0
1041,'47007','47','007',Bledsoe County,Tennessee,0,0,0,0,0
1042,'47009','47','009',Blount County,Tennessee,0,0,0,0,0
1043,'47013','47','013',Campbell County,Tennessee,0,0,0,0,0
1044,'47037','47','037',Davidson County,Tennessee,127,-103,-55,-61,-25
1045,'47043','47','043',Dickson County,Tennessee,0,0,0,0,0
1046,'47063','47','063',Hamblen County,Tennessee,0,0,0,0,0
1047,'47065','47','065',Hamilton County,Tennessee,0,0,0,0,0
1048,'47089','47','089',Jefferson County,Tennessee,0,0,0,0,0
1049,'47091','47','091',Johnson County,Tennessee,0,0,0,0,0
1050,'47093','47','093',Knox County,Tennessee,0,0,0,0,0
1051,'47105','47','105',Loudon County,Tennessee,0,0,0,0,0
1052,'47107','47','107',McMinn County,Tennessee,0,0,0,0,0
1053,'47113','47','113',Madison County,Tennessee,0,0,0,0,0
1054,'47115','47','115',Marion County,Tennessee,0,0,0,0,0
1055,'47119','47','119',Maury County,Tennessee,0,0,0,0,0
1056,'47123','47','123',Monroe County,Tennessee,0,0,0,0,0
1057,'47125','47','125',Montgomery County,Tennessee,0,33,-13,-7,-19
1058,'47141','47','141',Putnam County,Tennessee,0,0,0,0,0
1059,'47143','47','143',Rhea County,Tennessee,0,0,0,0,0
1060,'47145','47','145',Roane County,Tennessee,0,0,0,0,0
1061,'47147','47','147',Robertson County,Tennessee,0,0,0,0,0
1062,'47149','47','149',Rutherford County,Tennessee,0,0,0,0,0
1063,'47155','47','155',Sevier County,Tennessee,0,0,0,0,0
1064,'47157','47','157',Shelby County,Tennessee,-2,-80,-33,17,134
1065,'47161','47','161',Stewart County,Tennessee,0,0,0,0,0
1066,'47163','47','163',Sullivan County,Tennessee,0,0,0,0,0
1067,'47165','47','165',Sumner County,Tennessee,0,0,0,0,0
1068,'47167','47','167',Tipton County,Tennessee,0,0,0,0,0
1069,'47179','47','179',Washington County,Tennessee,0,0,0,0,0
1070,'47187','47','187',Williamson County,Tennessee,-173,10,-25,8,-142
1071,'47189','47','189',Wilson County,Tennessee,0,0,0,0,0
1072,'48005','48','005',Angelina County,Texas,0,0,0,0,0
1073,'48025','48','025',Bee County,Texas,0,0,0,0,0
1074,'48027','48','027',Bell County,Texas,-24,-3,-105,-11,-121
1075,'48029','48','029',Bexar County,Texas,-86,15,-367,-221,-338
1076,'48037','48','037',Bowie County,Texas,0,0,0,0,0
1077,'48039','48','039',Brazoria County,Texas,0,0,0,0,0
1078,'48041','48','041',Brazos County,Texas,0,96,-2,15,-16
1079,'48043','48','043',Brewster County,Texas,0,0,0,0,0
1080,'48051','48','051',Burleson County,Texas,0,0,0,0,0
1081,'48053','48','053',Burnet County,Texas,0,0,0,0,0
1082,'48055','48','055',Caldwell County,Texas,0,0,0,0,0
1083,'48061','48','061',Cameron County,Texas,0,0,0,0,0
1084,'48085','48','085',Collin County,Texas,-178,16,-59,-28,42
1085,'48091','48','091',Comal County,Texas,0,4,-8,14,-69
1086,'48095','48','095',Concho County,Texas,0,0,0,0,0
1087,'48099','48','099',Coryell County,Texas,-13,0,-58,-10,-66
1088,'48109','48','109',Culberson County,Texas,0,0,0,0,0
1089,'48111','48','111',Dallam County,Texas,0,0,0,0,0
1090,'48113','48','113',Dallas County,Texas,-350,-477,-715,-261,-553
1091,'48115','48','115',Dawson County,Texas,0,0,0,0,0
1092,'48121','48','121',Denton County,Texas,-145,14,-380,-106,-499
1093,'48135','48','135',Ector County,Texas,0,0,-60,-41,-25
1094,'48139','48','139',Ellis County,Texas,0,0,0,0,0
1095,'48141','48','141',El Paso County,Texas,-50,32,70,-32,202
1096,'48143','48','143',Erath County,Texas,0,0,0,0,0
1097,'48147','48','147',Fannin County,Texas,0,0,0,0,0
1098,'48151','48','151',Fisher County,Texas,0,0,0,0,0
1099,'48157','48','157',Fort Bend County,Texas,122,0,79,28,75
1100,'48159','48','159',Franklin County,Texas,0,0,0,0,0
1101,'48165','48','165',Gaines County,Texas,0,0,0,0,0
1102,'48167','48','167',Galveston County,Texas,32,-1,11,-3,18
1103,'48169','48','169',Garza County,Texas,0,0,0,0,0
1104,'48179','48','179',Gray County,Texas,0,0,0,0,0
1105,'48181','48','181',Grayson County,Texas,0,0,0,0,0
1106,'48183','48','183',Gregg County,Texas,0,-7,-45,-1,-55
1107,'48199','48','199',Hardin County,Texas,0,0,0,0,0
1108,'48201','48','201',Harris County,Texas,9,-387,-1379,-315,-1082
1109,'48203','48','203',Harrison County,Texas,0,0,0,0,0
1110,'48209','48','209',Hays County,Texas,0,0,0,0,0
1111,'48213','48','213',Henderson County,Texas,0,0,-3,0,-54
1112,'48215','48','215',Hidalgo County,Texas,0,0,0,0,0
1113,'48221','48','221',Hood County,Texas,0,0,0,0,0
1114,'48223','48','223',Hopkins County,Texas,0,0,0,0,0
1115,'48227','48','227',Howard County,Texas,-7,0,-19,-11,-37
1116,'48229','48','229',Hudspeth County,Texas,0,0,0,0,0
1117,'48231','48','231',Hunt County,Texas,0,0,0,0,0
1118,'48233','48','233',Hutchinson County,Texas,0,0,0,0,0
1119,'48243','48','243',Jeff Davis County,Texas,0,0,0,0,0
1120,'48245','48','245',Jefferson County,Texas,0,-14,-13,-13,-29
1121,'48253','48','253',Jones County,Texas,0,0,0,0,0
1122,'48257','48','257',Kaufman County,Texas,0,0,0,0,0
1123,'48259','48','259',Kendall County,Texas,0,0,0,0,0
1124,'48277','48','277',Lamar County,Texas,0,0,0,0,0
1125,'48293','48','293',Limestone County,Texas,0,0,0,0,0
1126,'48297','48','297',Live Oak County,Texas,0,0,0,0,0
1127,'48303','48','303',Lubbock County,Texas,0,0,0,0,0
1128,'48309','48','309',McLennan County,Texas,0,0,0,0,0
1129,'48315','48','315',Marion County,Texas,0,0,0,0,0
1130,'48321','48','321',Matagorda County,Texas,0,0,0,0,0
1131,'48323','48','323',Maverick County,Texas,0,0,0,0,0
1132,'48329','48','329',Midland County,Texas,0,0,0,0,0
1133,'48337','48','337',Montague County,Texas,0,0,0,0,0
1134,'48339','48','339',Montgomery County,Texas,-72,0,-72,-17,-120
1135,'48343','48','343',Morris County,Texas,0,0,0,0,0
1136,'48347','48','347',Nacogdoches County,Texas,0,0,0,0,0
1137,'48349','48','349',Navarro County,Texas,0,0,0,0,0
1138,'48355','48','355',Nueces County,Texas,0,23,-52,-17,-79
1139,'48361','48','361',Orange County,Texas,0,0,0,0,0
1140,'48367','48','367',Parker County,Texas,0,0,-19,-10,-77
1141,'48373','48','373',Polk County,Texas,0,0,0,0,0
1142,'48375','48','375',Potter County,Texas,0,0,0,0,0
1143,'48381','48','381',Randall County,Texas,0,0,0,0,0
1144,'48389','48','389',Reeves County,Texas,0,0,-27,0,-27
1145,'48397','48','397',Rockwall County,Texas,0,0,0,0,0
1146,'48417','48','417',Shackelford County,Texas,0,0,0,0,0
1147,'48423','48','423',Smith County,Texas,0,0,0,0,0
1148,'48437','48','437',Swisher County,Texas,0,0,0,0,0
1149,'48439','48','439',Tarrant County,Texas,21,-348,-301,9,-365
1150,'48441','48','441',Taylor County,Texas,0,0,0,0,0
1151,'48445','48','445',Terry County,Texas,0,0,0,0,0
1152,'48449','48','449',Titus County,Texas,0,0,0,0,0
1153,'48451','48','451',Tom Green County,Texas,0,-33,-5,0,-5
1154,'48453','48','453',Travis County,Texas,-52,-14,-89,28,-186
1155,'48457','48','457',Tyler County,Texas,0,0,0,0,0
1156,'48465','48','465',Val Verde County,Texas,0,0,0,0,0
1157,'48469','48','469',Victoria County,Texas,0,0,0,0,0
1158,'48471','48','471',Walker County,Texas,0,0,0,0,0
1159,'48473','48','473',Waller County,Texas,0,0,0,0,0
1160,'48477','48','477',Washington County,Texas,0,0,0,0,0
1161,'48479','48','479',Webb County,Texas,-3,0,-33,0,-33
1162,'48485','48','485',Wichita County,Texas,0,0,0,0,0
1163,'48491','48','491',Williamson County,Texas,5,-145,-42,0,-164
1164,'48497','48','497',Wise County,Texas,0,0,0,0,0
1165,'48499','48','499',Wood County,Texas,0,0,0,0,0
1166,'49001','49','001',Beaver County,Utah,0,0,0,0,0
1167,'49003','49','003',Box Elder County,Utah,0,0,0,0,0
1168,'49005','49','005',Cache County,Utah,0,0,-16,74,-126
1169,'49011','49','011',Davis County,Utah,-180,-1,-83,-107,51
1170,'49013','49','013',Duchesne County,Utah,0,0,0,0,0
1171,'49017','49','017',Garfield County,Utah,0,0,0,0,0
1172,'49019','49','019',Grand County,Utah,0,0,0,0,0
1173,'49021','49','021',Iron County,Utah,0,0,0,0,0
1174,'49027','49','027',Millard County,Utah,0,0,0,0,0
1175,'49035','49','035',Salt Lake County,Utah,-50,14,-273,-1,-339
1176,'49041','49','041',Sevier County,Utah,0,0,0,0,0
1177,'49043','49','043',Summit County,Utah,0,0,0,0,0
1178,'49045','49','045',Tooele County,Utah,0,0,0,0,0
1179,'49049','49','049',Utah County,Utah,86,-14,-336,-56,-486
1180,'49051','49','051',Wasatch County,Utah,-35,0,-7,0,-42
1181,'49053','49','053',Washington County,Utah,0,-10,81,39,19
1182,'49055','49','055',Wayne County,Utah,0,0,0,0,0
1183,'49057','49','057',Weber County,Utah,8,-21,-2,-26,50
1184,'50001','50','001',Addison County,Vermont,0,0,0,0,0
1185,'50003','50','003',Bennington County,Vermont,0,0,0,0,0
1186,'50005','50','005',Caledonia County,Vermont,0,0,0,0,0
1187,'50007','50','007',Chittenden County,Vermont,0,0,8,8,-13
1188,'50013','50','013',Grand Isle County,Vermont,0,0,0,0,0
1189,'50015','50','015',Lamoille County,Vermont,0,0,0,0,0
1190,'50019','50','019',Orleans County,Vermont,0,0,0,0,0
1191,'50021','50','021',Rutland County,Vermont,0,0,0,0,0
1192,'50023','50','023',Washington County,Vermont,0,0,0,0,0
1193,'50027','50','027',Windsor County,Vermont,0,0,0,0,0
1194,'51001','51','001',Accomack County,Virginia,0,0,0,0,0
1195,'51003','51','003',Albemarle County,Virginia,0,45,8,-7,-57
1196,'51005','51','005',Alleghany County,Virginia,0,0,0,0,0
1197,'51013','51','013',Arlington County,Virginia,-45,0,-6,0,-8
1198,'51015','51','015',Augusta County,Virginia,0,0,0,0,0
1199,'51041','51','041',Chesterfield County,Virginia,0,0,0,0,0
1200,'51051','51','051',Dickenson County,Virginia,0,0,0,0,0
1201,'51059','51','059',Fairfax County,Virginia,-46,-107,58,68,-54
1202,'51061','51','061',Fauquier County,Virginia,0,0,0,0,0
1203,'51065','51','065',Fluvanna County,Virginia,0,0,0,0,0
1204,'51069','51','069',Frederick County,Virginia,0,0,0,0,0
1205,'51071','51','071',Giles County,Virginia,0,0,0,0,0
1206,'51073','51','073',Gloucester County,Virginia,0,0,0,0,0
1207,'51087','51','087',Henrico County,Virginia,0,0,0,0,0
1208,'51089','51','089',Henry County,Virginia,0,0,0,0,0
1209,'51099','51','099',King George County,Virginia,0,0,0,0,0
1210,'51107','51','107',Loudoun County,Virginia,-25,0,-130,0,-223
1211,'51121','51','121',Montgomery County,Virginia,-1,0,20,0,-1
1212,'51135','51','135',Nottoway County,Virginia,0,0,0,0,0
1213,'51153','51','153',Prince William County,Virginia,-12,5,113,109,61
1214,'51165','51','165',Rockingham County,Virginia,0,0,0,0,0
1215,'51171','51','171',Shenandoah County,Virginia,0,0,0,0,0
1216,'51173','51','173',Smyth County,Virginia,0,0,0,0,0
1217,'51179','51','179',Stafford County,Virginia,0,0,0,0,0
1218,'51185','51','185',Tazewell County,Virginia,0,0,0,0,0
1219,'51187','51','187',Warren County,Virginia,0,0,0,0,0
1220,'51191','51','191',Washington County,Virginia,0,0,0,0,0
1221,'51197','51','197',Wythe County,Virginia,0,0,0,0,0
1222,'51199','51','199',York County,Virginia,0,0,0,0,0
1223,'51510','51','510',Alexandria city,Virginia,-69,0,-24,-8,79
1224,'51520','51','520',Bristol city,Virginia,0,0,0,0,0
1225,'51540','51','540',Charlottesville city,Virginia,5,0,0,0,23
1226,'51550','51','550',Chesapeake city,Virginia,0,-27,-8,0,-40
1227,'51590','51','590',Danville city,Virginia,0,0,0,0,0
1228,'51600','51','600',Fairfax city,Virginia,0,0,0,0,0
1229,'51610','51','610',Falls Church city,Virginia,0,0,0,0,0
1230,'51650','51','650',Hampton city,Virginia,-6,-6,0,-11,25
1231,'51660','51','660',Harrisonburg city,Virginia,0,0,0,0,0
1232,'51678','51','678',Lexington city,Virginia,0,0,0,0,0
1233,'51680','51','680',Lynchburg city,Virginia,0,0,0,0,0
1234,'51683','51','683',Manassas city,Virginia,0,0,0,0,0
1235,'51690','51','690',Martinsville city,Virginia,0,0,0,0,0
1236,'51700','51','700',Newport News city,Virginia,0,0,0,0,0
1237,'51710','51','710',Norfolk city,Virginia,4,-8,18,9,33
1238,'51720','51','720',Norton city,Virginia,0,0,0,0,0
1239,'51740','51','740',Portsmouth city,Virginia,0,0,0,0,0
1240,'51750','51','750',Radford city,Virginia,0,0,0,0,0
1241,'51760','51','760',Richmond city,Virginia,0,0,0,0,0
1242,'51770','51','770',Roanoke city,Virginia,0,0,0,0,0
1243,'51800','51','800',Suffolk city,Virginia,-19,-13,0,0,-21
1244,'51810','51','810',Virginia Beach city,Virginia,47,56,-13,16,-31
1245,'51830','51','830',Williamsburg city,Virginia,0,0,0,0,0
1246,'51840','51','840',Winchester city,Virginia,0,0,0,0,0
1247,'53001','53','001',Adams County,Washington,0,0,0,0,0
1248,'53005','53','005',Benton County,Washington,0,0,0,0,0
1249,'53007','53','007',Chelan County,Washington,0,0,0,0,0
1250,'53009','53','009',Clallam County,Washington,0,0,0,0,-121
1251,'53011','53','011',Clark County,Washington,4,47,21,96,36
1252,'53015','53','015',Cowlitz County,Washington,0,0,-12,-12,-41
1253,'53017','53','017',Douglas County,Washington,0,0,0,0,0
1254,'53019','53','019',Ferry County,Washington,0,0,0,0,-17
1255,'53021','53','021',Franklin County,Washington,0,0,0,0,0
1256,'53025','53','025',Grant County,Washington,0,0,0,0,0
1257,'53027','53','027',Grays Harbor County,Washington,0,0,0,0,21
1258,'53029','53','029',Island County,Washington,0,0,0,0,0
1259,'53031','53','031',Jefferson County,Washington,0,0,0,0,0
1260,'53033','53','033',King County,Washington,-138,-131,-578,-282,-883
1261,'53035','53','035',Kitsap County,Washington,0,-23,-13,25,-88
1262,'53037','53','037',Kittitas County,Washington,0,0,0,0,0
1263,'53041','53','041',Lewis County,Washington,0,0,0,0,0
1264,'53045','53','045',Mason County,Washington,0,0,0,0,0
1265,'53047','53','047',Okanogan County,Washington,0,0,0,0,0
1266,'53051','53','051',Pend Oreille County,Washington,0,0,0,0,0
1267,'53053','53','053',Pierce County,Washington,-24,-76,10,76,-155
1268,'53055','53','055',San Juan County,Washington,0,0,0,0,0
1269,'53057','53','057',Skagit County,Washington,0,0,0,0,0
1270,'53061','53','061',Snohomish County,Washington,-143,-32,-41,-74,33
1271,'53063','53','063',Spokane County,Washington,-8,-69,3,-79,137
1272,'53065','53','065',Stevens County,Washington,0,0,0,0,0
1273,'53067','53','067',Thurston County,Washington,0,-44,59,-95,73
1274,'53071','53','071',Walla Walla County,Washington,0,0,-8,-10,-45
1275,'53073','53','073',Whatcom County,Washington,-16,-7,6,-22,41
1276,'53075','53','075',Whitman County,Washington,0,-9,-12,-47,-16
1277,'53077','53','077',Yakima County,Washington,0,0,0,0,0
1278,'54001','54','001',Barbour County,West Virginia,0,0,0,0,0
1279,'54003','54','003',Berkeley County,West Virginia,0,0,0,0,0
1280,'54007','54','007',Braxton County,West Virginia,0,0,0,0,0
1281,'54009','54','009',Brooke County,West Virginia,0,0,0,0,0
1282,'54025','54','025',Greenbrier County,West Virginia,0,0,0,0,0
1283,'54033','54','033',Harrison County,West Virginia,0,0,0,0,0
1284,'54061','54','061',Monongalia County,West Virginia,-9,0,-13,0,-18
1285,'54065','54','065',Morgan County,West Virginia,0,0,0,0,0
1286,'54069','54','069',Ohio County,West Virginia,0,0,0,0,0
1287,'54081','54','081',Raleigh County,West Virginia,0,0,0,0,0
1288,'54101','54','101',Webster County,West Virginia,0,0,0,0,0
1289,'54107','54','107',Wood County,West Virginia,0,0,0,0,0
1290,'55009','55','009',Brown County,Wisconsin,0,0,0,0,0
1291,'55019','55','019',Clark County,Wisconsin,0,0,0,0,0
1292,'55025','55','025',Dane County,Wisconsin,76,0,-34,-18,113
1293,'55027','55','027',Dodge County,Wisconsin,0,0,0,0,0
1294,'55031','55','031',Douglas County,Wisconsin,0,0,0,0,0
1295,'55033','55','033',Dunn County,Wisconsin,0,0,0,0,0
1296,'55035','55','035',Eau Claire County,Wisconsin,0,0,0,0,0
1297,'55039','55','039',Fond du Lac County,Wisconsin,0,0,0,0,0
1298,'55055','55','055',Jefferson County,Wisconsin,0,0,0,0,0
1299,'55059','55','059',Kenosha County,Wisconsin,0,0,0,0,0
1300,'55061','55','061',Kewaunee County,Wisconsin,0,0,0,0,0
1301,'55063','55','063',La Crosse County,Wisconsin,0,0,0,0,0
1302,'55073','55','073',Marathon County,Wisconsin,0,0,0,0,-196
1303,'55077','55','077',Marquette County,Wisconsin,0,0,0,0,0
1304,'55079','55','079',Milwaukee County,Wisconsin,70,-37,-40,-30,-60
1305,'55085','55','085',Oneida County,Wisconsin,0,0,0,0,0
1306,'55087','55','087',Outagamie County,Wisconsin,0,0,0,0,0
1307,'55089','55','089',Ozaukee County,Wisconsin,0,0,0,0,0
1308,'55093','55','093',Pierce County,Wisconsin,0,0,0,0,0
1309,'55095','55','095',Polk County,Wisconsin,0,0,0,0,0
1310,'55099','55','099',Price County,Wisconsin,0,0,0,0,0
1311,'55101','55','101',Racine County,Wisconsin,0,0,0,0,0
1312,'55105','55','105',Rock County,Wisconsin,0,0,0,0,0
1313,'55109','55','109',St. Croix County,Wisconsin,0,0,0,0,0
1314,'55111','55','111',Sauk County,Wisconsin,0,0,0,0,0
1315,'55113','55','113',Sawyer County,Wisconsin,0,0,0,0,0
1316,'55121','55','121',Trempealeau County,Wisconsin,0,0,0,0,0
1317,'55123','55','123',Vernon County,Wisconsin,0,0,0,0,0
1318,'55125','55','125',Vilas County,Wisconsin,0,0,0,0,0
1319,'55127','55','127',Walworth County,Wisconsin,0,0,0,0,0
1320,'55133','55','133',Waukesha County,Wisconsin,0,0,0,0,51
1321,'55135','55','135',Waupaca County,Wisconsin,0,0,0,0,0
1322,'55137','55','137',Waushara County,Wisconsin,0,0,0,0,0
1323,'55139','55','139',Winnebago County,Wisconsin,0,0,0,0,0
1324,'55141','55','141',Wood County,Wisconsin,14,0,9,0,40
1325,'56001','56','001',Albany County,Wyoming,0,0,12,15,-15
1326,'56003','56','003',Big Horn County,Wyoming,0,0,0,0,0
1327,'56005','56','005',Campbell County,Wyoming,0,0,0,0,0
1328,'56013','56','013',Fremont County,Wyoming,0,0,0,0,0
1329,'56015','56','015',Goshen County,Wyoming,0,0,0,0,0
1330,'56021','56','021',Laramie County,Wyoming,0,0,0,0,0
1331,'56023','56','023',Lincoln County,Wyoming,0,0,0,0,0
1332,'56025','56','025',Natrona County,Wyoming,0,-9,0,0,-19
1333,'56029','56','029',Park County,Wyoming,0,0,0,0,0
1334,'56035','56','035',Sublette County,Wyoming,0,0,0,0,0
1335,'56037','56','037',Sweetwater County,Wyoming,0,0,0,0,0
1336,'56041','56','041',Uinta County,Wyoming,0,0,0,0,0
1337,'56045','56','045',Weston County,Wyoming,0,0,0,0,0
1338,'72013','72','013',Arecibo Municipio,Puerto Rico,0,0,0,0,0
1339,'72021','72','021',BayamÃ³n Municipio,Puerto Rico,0,0,0,0,0
1340,'72025','72','025',Caguas Municipio,Puerto Rico,0,0,0,0,0
1341,'72027','72','027',Camuy Municipio,Puerto Rico,0,0,0,0,0
1342,'72031','72','031',Carolina Municipio,Puerto Rico,0,12,97,43,42
1343,'72033','72','033',CataÃ±o Municipio,Puerto Rico,0,0,0,0,0
1344,'72035','72','035',Cayey Municipio,Puerto Rico,0,0,0,0,0
1345,'72041','72','041',Cidra Municipio,Puerto Rico,0,0,0,0,0
1346,'72061','72','061',Guaynabo Municipio,Puerto Rico,0,0,0,0,0
1347,'72063','72','063',Gurabo Municipio,Puerto Rico,0,0,0,0,0
1348,'72071','72','071',Isabela Municipio,Puerto Rico,0,0,0,0,0
1349,'72075','72','075',Juana DÃ­az Municipio,Puerto Rico,0,0,0,0,0
1350,'72083','72','083',Las MarÃ­as Municipio,Puerto Rico,0,0,0,0,0
1351,'72097','72','097',MayagÃ¼ez Municipio,Puerto Rico,0,0,0,0,0
1352,'72113','72','113',Ponce Municipio,Puerto Rico,0,0,0,0,0
1353,'72127','72','127',San Juan Municipio,Puerto Rico,31,84,78,70,0
1354,'72135','72','135',Toa Alta Municipio,Puerto Rico,0,0,0,0,0
1355,'72137','72','137',Toa Baja Municipio,Puerto Rico,0,0,0,0,0
